delegation_id,manager_id,delegate_id,delegate_level,start_date,end_date,max_amount_sgd,status
DEL-001,M004,E0020,MANAGER,2025-05-11,2025-07-10,1400.0,ACTIVE
DEL-002,M019,E0075,DIRECTOR,2025-07-20,2025-09-18,2300.0,ACTIVE
DEL-003,M013,E0269,MANAGER,2025-02-07,2025-03-29,1600.0,ACTIVE
DEL-004,M005,E0089,MANAGER,2026-03-01,2026-04-05,1450.0,ACTIVE
DEL-005,M023,E0249,MANAGER,2025-06-15,2025-08-14,1050.0,ACTIVE
DEL-006,M021,E0062,MANAGER,2025-09-21,2025-11-20,2100.0,ACTIVE
DEL-007,M011,E0146,MANAGER,2026-02-23,2026-04-24,2800.0,ACTIVE
DEL-008,M013,E0069,MANAGER,2026-04-13,2026-06-12,800.0,ACTIVE
DEL-009,M015,E0206,DIRECTOR,2025-05-31,2025-07-30,3075.0,ACTIVE
DEL-010,M034,E0279,DIRECTOR,2026-01-15,2026-03-11,3205.0,ACTIVE
DEL-011,M023,E0114,DIRECTOR,2026-03-14,2026-05-13,1500.0,ACTIVE
DEL-012,M033,E0040,MANAGER,2025-08-09,2025-10-08,2812.5,ACTIVE
DEL-013,M040,E0259,MANAGER,2025-10-09,2026-12-31,1500.0,ACTIVE
DEL-014,M015,E0046,MANAGER,2025-11-18,2026-12-31,800.0,ACTIVE
DEL-015,M004,E0153,DIRECTOR,2025-12-21,2026-12-31,800.0,ACTIVE
DEL-016,M027,E0223,DIRECTOR,2025-10-24,2026-12-31,1500.0,ACTIVE
DEL-017,M002,E0063,DIRECTOR,2025-12-22,2026-12-31,3000.0,ACTIVE
DEL-018,M011,E0150,MANAGER,2025-03-13,2026-12-31,1500.0,ACTIVE
DEL-019,M022,E0274,DIRECTOR,2025-05-13,2026-12-31,3000.0,ACTIVE
DEL-020,M028,E0214,MANAGER,2025-08-28,2026-12-31,3000.0,ACTIVE
DEL-021,M003,E0289,MANAGER,2025-06-21,2026-12-31,3000.0,ACTIVE
DEL-022,M015,E0086,MANAGER,2025-10-09,2026-12-31,1500.0,ACTIVE
DEL-023,M035,E0045,DIRECTOR,2025-03-28,2026-12-31,800.0,ACTIVE
DEL-024,M040,E0049,MANAGER,2025-05-02,2026-12-31,1500.0,ACTIVE
DEL-025,M011,E0255,DIRECTOR,2025-12-19,2026-12-31,1500.0,ACTIVE
DEL-026,M022,E0147,MANAGER,2025-04-10,2026-12-31,800.0,ACTIVE
DEL-027,M024,E0022,DIRECTOR,2025-06-04,2026-12-31,1500.0,ACTIVE
DEL-028,M013,E0004,DIRECTOR,2025-07-04,2026-12-31,800.0,ACTIVE
DEL-029,M027,E0155,DIRECTOR,2025-02-03,2026-12-31,3000.0,ACTIVE
DEL-030,M021,E0089,DIRECTOR,2025-08-04,2026-12-31,1500.0,ACTIVE
DEL-031,M016,E0007,DIRECTOR,2025-07-12,2026-12-31,3000.0,ACTIVE
DEL-032,M012,E0247,DIRECTOR,2025-05-13,2026-12-31,3000.0,ACTIVE
DEL-033,M030,E0058,MANAGER,2025-06-21,2026-12-31,1500.0,ACTIVE
DEL-034,M022,E0254,DIRECTOR,2025-10-27,2026-12-31,3000.0,ACTIVE
DEL-035,M013,E0284,MANAGER,2025-10-04,2026-12-31,1500.0,ACTIVE
DEL-036,M037,E0020,DIRECTOR,2025-01-10,2026-12-31,800.0,ACTIVE
DEL-037,M033,E0145,MANAGER,2025-06-12,2026-12-31,3000.0,ACTIVE
