cost_centre,year,budget_sgd,committed_sgd,status
CC-S01,2026,60000.0,20000.0,OPEN
CC-S02,2026,60000.0,59900.0,OPEN
CC-S03,2026,60000.0,20000.0,FROZEN
CC-S04,2026,60000.0,20000.0,OPEN
CC-S05,2026,60000.0,20000.0,FROZEN
CC-P01,2026,60000.0,12000.0,OPEN
CC-P02,2026,60000.0,12000.0,OPEN
CC-P03,2026,60000.0,12000.0,FROZEN
CC-P04,2026,60000.0,12000.0,FROZEN
CC-P05,2026,60000.0,59900.0,OPEN
CC-P06,2026,60000.0,59900.0,OPEN
CC-01,2024,90000.0,23690.0,OPEN
CC-01,2025,60000.0,6603.0,OPEN
CC-01,2026,40000.0,8453.0,OPEN
CC-02,2024,60000.0,15072.0,OPEN
CC-02,2025,60000.0,13986.0,OPEN
CC-02,2026,40000.0,29140.0,OPEN
CC-03,2024,90000.0,16988.0,OPEN
CC-03,2025,90000.0,25197.0,OPEN
CC-03,2026,40000.0,8776.0,OPEN
CC-04,2024,90000.0,19497.0,OPEN
CC-04,2025,40000.0,11352.0,OPEN
CC-04,2026,40000.0,15468.0,OPEN
CC-05,2024,90000.0,16275.0,OPEN
CC-05,2025,40000.0,15775.0,OPEN
CC-05,2026,40000.0,10138.0,OPEN
CC-06,2024,40000.0,20073.0,OPEN
CC-06,2025,60000.0,23219.0,OPEN
CC-06,2026,60000.0,21743.0,OPEN
CC-07,2024,90000.0,12544.0,OPEN
CC-07,2025,60000.0,29001.0,OPEN
CC-07,2026,90000.0,19046.0,OPEN
CC-08,2024,90000.0,19536.0,OPEN
CC-08,2025,60000.0,10835.0,OPEN
CC-08,2026,40000.0,15893.0,OPEN
CC-09,2024,40000.0,13834.0,OPEN
CC-09,2025,60000.0,27133.0,OPEN
CC-09,2026,60000.0,24069.0,OPEN
CC-10,2024,40000.0,7077.0,OPEN
CC-10,2025,60000.0,23608.0,OPEN
CC-10,2026,90000.0,10321.0,OPEN
CC-11,2024,60000.0,5767.0,OPEN
CC-11,2025,90000.0,7515.0,OPEN
CC-11,2026,90000.0,18751.0,OPEN
CC-12,2024,60000.0,23614.0,OPEN
CC-12,2025,60000.0,19517.0,OPEN
CC-12,2026,60000.0,9864.0,OPEN
CC-13,2024,40000.0,26835.0,OPEN
CC-13,2025,40000.0,17407.0,OPEN
CC-13,2026,40000.0,19545.0,OPEN
CC-14,2024,60000.0,24758.0,OPEN
CC-14,2025,60000.0,14665.0,OPEN
CC-14,2026,60000.0,15909.0,OPEN
CC-15,2024,40000.0,9873.0,OPEN
CC-15,2025,60000.0,16461.0,OPEN
CC-15,2026,60000.0,9109.0,OPEN
CC-16,2024,90000.0,6718.0,OPEN
CC-16,2025,60000.0,13180.0,OPEN
CC-16,2026,90000.0,15651.0,OPEN
CC-17,2024,40000.0,18075.0,OPEN
CC-17,2025,40000.0,13340.0,OPEN
CC-17,2026,40000.0,20219.0,OPEN
CC-18,2024,60000.0,12556.0,OPEN
CC-18,2025,60000.0,26157.0,OPEN
CC-18,2026,90000.0,18254.0,OPEN
CC-19,2024,90000.0,26665.0,OPEN
CC-19,2025,60000.0,22656.0,OPEN
CC-19,2026,60000.0,21243.0,OPEN
CC-20,2024,90000.0,11985.0,OPEN
CC-20,2025,60000.0,26949.0,OPEN
CC-20,2026,60000.0,14830.0,OPEN
CC-21,2024,40000.0,18833.0,OPEN
CC-21,2025,90000.0,19634.0,OPEN
CC-21,2026,60000.0,20394.0,OPEN
CC-22,2024,90000.0,27315.0,OPEN
CC-22,2025,90000.0,24724.0,OPEN
CC-22,2026,60000.0,13596.0,OPEN
CC-23,2024,60000.0,27180.0,OPEN
CC-23,2025,90000.0,8585.0,OPEN
CC-23,2026,90000.0,9223.0,OPEN
CC-24,2024,60000.0,24918.0,OPEN
CC-24,2025,60000.0,18524.0,OPEN
CC-24,2026,40000.0,29165.0,OPEN
