approval_id,expense_id,employee_id,manager_id,approval_type,status,approver_level,start_date,end_date,delegation_id
APR-0001,X2-143,E0060,M021,TRAVEL,APPROVED,DIRECTOR,2024-01-01,2026-12-31,
APR-0002,X2-011,E0159,M040,TRAVEL,APPROVED,DIRECTOR,2024-01-01,2026-12-31,
APR-0003,X2-029,E0279,M040,TRAVEL,APPROVED,DIRECTOR,2024-01-01,2026-12-31,
APR-0004,X2-148,E0144,M025,TRAVEL,APPROVED,DIRECTOR,2024-01-01,2026-12-31,
APR-0005,X2-150,E0280,M001,TRAVEL,APPROVED,DIRECTOR,2024-01-01,2026-12-31,
APR-0006,X2-132,E0013,M014,TRAVEL,APPROVED,DIRECTOR,2024-01-01,2026-12-31,
APR-0007,X2-115,E0169,M010,TRAVEL,APPROVED,DIRECTOR,2024-01-01,2026-12-31,
APR-0008,X2-098,E0201,M002,TRAVEL,APPROVED,DIRECTOR,2024-01-01,2026-12-31,
APR-0009,X2-111,E0253,M014,TRAVEL,APPROVED,DIRECTOR,2024-01-01,2026-12-31,
APR-0010,X2-107,E0053,M014,TRAVEL,APPROVED,DIRECTOR,2024-01-01,2026-12-31,
APR-0011,X2-043,E0154,M035,TRAVEL,APPROVED,DIRECTOR,2024-01-01,2026-12-31,
APR-0012,X2-139,E0156,M037,TRAVEL,APPROVED,DIRECTOR,2024-01-01,2026-12-31,
APR-0013,X2-131,E0050,M011,TRAVEL,APPROVED,DIRECTOR,2024-01-01,2026-12-31,
APR-0014,X2-094,E0064,M025,TRAVEL,APPROVED,DIRECTOR,2024-01-01,2026-12-31,
APR-0015,X2-099,E0171,M012,TRAVEL,APPROVED,DIRECTOR,2024-01-01,2026-12-31,
APR-0016,X2-002,E0190,M031,TRAVEL,APPROVED,DIRECTOR,2024-01-01,2026-12-31,
APR-0017,X2-058,E0177,M018,TRAVEL,APPROVED,DIRECTOR,2024-01-01,2026-12-31,
APR-0018,X2-012,E0041,M002,TRAVEL,APPROVED,DIRECTOR,2024-01-01,2026-12-31,
APR-0019,X2-072,E0256,M017,TRAVEL,APPROVED,DIRECTOR,2024-01-01,2026-12-31,
APR-0020,X2-121,E0178,M019,TRAVEL,APPROVED,DIRECTOR,2024-01-01,2026-12-31,
APR-0021,X2-042,E0091,M012,TRAVEL,APPROVED,DIRECTOR,2024-01-01,2026-12-31,
APR-0022,X2-036,E0071,M032,TRAVEL,APPROVED,DIRECTOR,2024-01-01,2026-12-31,
APR-0023,X2-046,E0153,M034,TRAVEL,APPROVED,DIRECTOR,2024-01-01,2026-12-31,
APR-0024,X2-127,E0067,M028,TRAVEL,APPROVED,MANAGER,2024-01-01,2026-12-31,
APR-0025,X2-056,E0155,M036,SOFTWARE,APPROVED,MANAGER,2024-01-01,2026-12-31,
APR-0026,X2-031,E0099,M020,SOFTWARE,APPROVED,MANAGER,2024-01-01,2026-12-31,
APR-0027,X2-007,E0278,M039,SOFTWARE,APPROVED,MANAGER,2024-01-01,2026-12-31,
APR-0028,X2-082,E0076,M037,SOFTWARE,APPROVED,MANAGER,2024-01-01,2026-12-31,
APR-0029,X2-053,E0103,M024,SOFTWARE,APPROVED,MANAGER,2024-01-01,2026-12-31,
APR-0030,X2-059,E0081,M002,ENTERTAINMENT,APPROVED,MANAGER,2024-01-01,2026-12-31,
APR-0031,X2-062,E0215,M016,COMBINED_SPEND,APPROVED,MANAGER,2024-01-01,2026-12-31,
APR-0032,X2-084,E0104,M025,TRAVEL,APPROVED,MANAGER,2024-01-01,2026-12-31,
APR-0033,X2-041,E0105,M026,TRAVEL,APPROVED,MANAGER,2024-01-01,2026-12-31,
APR-0034,X2-133,E0251,M012,TRAVEL,APPROVED,MANAGER,2024-01-01,2026-12-31,
APR-0035,X2-090,E0271,M032,TRAVEL,APPROVED,MANAGER,2024-01-01,2026-12-31,
APR-0036,X2-112,E0070,M031,TRAINING,APPROVED,MANAGER,2024-01-01,2026-12-31,
APR-0037,X2-035,E0014,M015,TRAINING,APPROVED,MANAGER,2024-01-01,2026-12-31,
APR-0038,X2-073,E0212,M013,SOFTWARE,APPROVED,MANAGER,2024-01-01,2026-12-31,
APR-0039,X2-144,E0288,M009,TRAINING,APPROVED,DIRECTOR,2024-01-01,2026-12-31,
APR-0040,X2-038,E0063,M024,GENERAL,APPROVED,MANAGER,2024-01-01,2025-06-14,
APR-0041,X2-138,E0151,M032,SOFTWARE,APPROVED,MANAGER,2024-01-01,2026-12-31,
APR-0042,X2-015,E0121,M002,TRAVEL,APPROVED,MANAGER,2024-01-01,2026-12-31,
APR-0043,X2-141,E0044,M005,SOFTWARE,APPROVED,MANAGER,2024-01-01,2026-12-31,
APR-0044,X2-147,E0146,M027,TRAINING,APPROVED,MANAGER,2024-01-01,2026-12-31,
APR-0045,X2-025,E0007,M008,TRAVEL,APPROVED,DIRECTOR,2024-01-01,2026-12-31,
APR-0046,X2-005,E0276,M037,TRAVEL,APPROVED,DIRECTOR,2024-01-01,2026-12-31,
APR-0047,X2-051,E0150,M031,TRAVEL,APPROVED,DIRECTOR,2024-01-01,2026-12-31,
APR-0048,X2-020,E0012,M013,TRAVEL,APPROVED,DIRECTOR,2024-01-01,2026-12-31,
APR-0049,X2-108,E0197,M038,TRAVEL,APPROVED,DIRECTOR,2024-01-01,2026-12-31,
APR-0050,X2-087,E0117,M038,TRAVEL,APPROVED,DIRECTOR,2024-01-01,2026-12-31,
APR-0051,X2-104,E0221,M022,TRAVEL,APPROVED,DIRECTOR,2024-01-01,2026-12-31,
APR-0052,X2-128,E0174,M015,TRAVEL,APPROVED,DIRECTOR,2024-01-01,2026-12-31,
APR-0053,X2-034,E0033,M034,TRAVEL,APPROVED,DIRECTOR,2024-01-01,2026-12-31,
APR-0054,X2-142,E0015,M016,TRAVEL,APPROVED,DIRECTOR,2024-01-01,2026-12-31,
APR-0055,X2-055,E0249,M010,GENERAL,DELEGATED,MANAGER,2024-01-01,2026-12-31,DEL-001
APR-0056,X2-047,E0157,M038,GENERAL,DELEGATED,MANAGER,2024-01-01,2026-12-31,DEL-002
APR-0057,X2-130,E0024,M025,GENERAL,DELEGATED,MANAGER,2024-01-01,2026-12-31,DEL-003
APR-0058,X2-018,E0049,M010,GENERAL,DELEGATED,MANAGER,2024-01-01,2026-12-31,DEL-004
APR-0059,X2-100,E0230,M031,GENERAL,DELEGATED,MANAGER,2024-01-01,2026-12-31,DEL-005
APR-0060,X2-145,E0061,M022,GENERAL,DELEGATED,MANAGER,2024-01-01,2026-12-31,DEL-006
APR-0061,X2-124,E0138,M019,GENERAL,DELEGATED,MANAGER,2024-01-01,2026-12-31,DEL-007
APR-0062,X2-032,E0113,M034,GENERAL,DELEGATED,MANAGER,2024-01-01,2026-12-31,DEL-008
APR-0063,X2-137,E0265,M026,SOFTWARE,APPROVED,MANAGER,2024-01-01,2026-12-31,
APR-0064,X2-077,E0001,M002,SOFTWARE,APPROVED,MANAGER,2024-01-01,2026-12-31,
APR-0065,X2-021,E0204,M005,SOFTWARE,APPROVED,MANAGER,2024-01-01,2026-12-31,
APR-0066,X2-120,E0090,M011,SOFTWARE,APPROVED,MANAGER,2024-01-01,2026-12-31,
APR-0067,X2-037,E0011,M012,SOFTWARE,APPROVED,MANAGER,2024-01-01,2026-12-31,
APR-0068,X2-119,E0206,M007,SOFTWARE,APPROVED,MANAGER,2024-01-01,2026-12-31,
APR-0069,X2-089,E0094,M015,TRAVEL,DELEGATED,MANAGER,2024-01-01,2026-12-31,DEL-009
APR-0070,X2-122,E0246,M007,TRAVEL,DELEGATED,MANAGER,2024-01-01,2026-12-31,DEL-010
APR-0071,X2-064,E0107,M028,TRAVEL,APPROVED,MANAGER,2024-01-01,2026-12-31,
APR-0072,X2-057,E0234,M035,TRAVEL,DELEGATED,MANAGER,2024-01-01,2026-12-31,DEL-011
APR-0073,X2-026,E0051,M012,TRAVEL,DELEGATED,MANAGER,2024-01-01,2026-12-31,DEL-012
APR-0074,EXP-BG-6514,E0163,M004,TRAVEL,APPROVED,MANAGER,2024-09-01,2026-12-31,
APR-0075,EXP-BG-6334,E0164,M005,TRAVEL,APPROVED,MANAGER,2025-08-13,2026-12-31,
APR-0076,EXP-BG-2193,E0165,M006,TRAVEL,APPROVED,MANAGER,2026-12-14,2026-12-31,
APR-0077,EXP-BG-0405,E0167,M008,TRAVEL,APPROVED,MANAGER,2025-05-04,2026-12-31,
APR-0078,EXP-BG-0730,E0168,M009,TRAVEL,APPROVED,MANAGER,2024-10-18,2026-12-31,
APR-0079,EXP-BG-2714,E0170,M011,SOFTWARE,APPROVED,MANAGER,2025-04-27,2026-12-31,
APR-0080,EXP-BG-8736,E0172,M013,TRAVEL,APPROVED,MANAGER,2025-12-17,2026-12-31,
APR-0081,EXP-BG-6910,E0173,M014,TRAVEL,APPROVED,MANAGER,2024-02-06,2026-12-31,
APR-0082,EXP-BG-8287,E0175,M016,GENERAL,APPROVED,MANAGER,2025-03-05,2026-12-31,
APR-0083,EXP-BG-1134,E0176,M017,TRAVEL,APPROVED,MANAGER,2026-06-04,2026-12-31,
APR-0084,EXP-BG-1177,E0179,M020,GENERAL,APPROVED,MANAGER,2026-07-01,2026-12-31,
APR-0085,EXP-BG-0997,E0180,M021,GENERAL,APPROVED,MANAGER,2025-06-27,2026-12-31,
APR-0086,EXP-BG-5269,E0181,M022,SOFTWARE,APPROVED,MANAGER,2025-02-12,2026-12-31,
APR-0087,EXP-BG-0157,E0182,M023,TRAVEL,APPROVED,MANAGER,2024-07-20,2026-12-31,
APR-0088,EXP-BG-2953,E0184,M025,GENERAL,APPROVED,MANAGER,2025-08-10,2026-12-31,
APR-0089,EXP-BG-5900,E0185,M026,SOFTWARE,APPROVED,MANAGER,2025-02-24,2026-12-31,
APR-0090,EXP-BG-9451,E0186,M027,TRAVEL,APPROVED,MANAGER,2025-07-06,2026-12-31,
APR-0091,EXP-BG-6807,E0187,M028,SOFTWARE,APPROVED,MANAGER,2024-09-22,2026-12-31,
APR-0092,EXP-BG-8666,E0188,M029,GENERAL,APPROVED,MANAGER,2025-06-04,2026-12-31,
APR-0093,EXP-BG-2038,E0189,M030,TRAVEL,APPROVED,MANAGER,2026-10-26,2026-12-31,
APR-0094,EXP-BG-6706,E0191,M032,GENERAL,APPROVED,MANAGER,2024-08-21,2026-12-31,
APR-0095,EXP-BG-9443,E0192,M033,SOFTWARE,APPROVED,MANAGER,2024-01-13,2026-12-31,
APR-0096,EXP-BG-9967,E0193,M034,GENERAL,APPROVED,MANAGER,2026-07-22,2026-12-31,
APR-0097,EXP-BG-6446,E0194,M035,SOFTWARE,APPROVED,MANAGER,2025-09-19,2026-12-31,
APR-0098,EXP-BG-3430,E0196,M037,TRAVEL,APPROVED,MANAGER,2024-09-18,2026-12-31,
APR-0099,EXP-BG-2630,E0202,M003,GENERAL,APPROVED,MANAGER,2024-01-16,2026-12-31,
APR-0100,EXP-BG-7815,E0203,M004,TRAVEL,APPROVED,MANAGER,2025-03-06,2026-12-31,
APR-0101,EXP-BG-2709,E0207,M008,TRAVEL,APPROVED,MANAGER,2026-06-24,2026-12-31,
APR-0102,EXP-BG-4472,E0208,M009,TRAVEL,APPROVED,MANAGER,2026-11-04,2026-12-31,
APR-0103,EXP-BG-1587,E0209,M010,GENERAL,APPROVED,MANAGER,2024-02-12,2026-12-31,
APR-0104,EXP-BG-4762,E0210,M011,SOFTWARE,APPROVED,MANAGER,2024-01-23,2026-12-31,
APR-0105,EXP-BG-9169,E0211,M012,GENERAL,APPROVED,MANAGER,2026-02-07,2026-12-31,
APR-0106,EXP-BG-8514,E0213,M014,GENERAL,APPROVED,MANAGER,2025-09-20,2026-12-31,
APR-0107,EXP-BG-5432,E0214,M015,SOFTWARE,APPROVED,MANAGER,2026-10-16,2026-12-31,
APR-0108,EXP-BG-6378,E0218,M019,GENERAL,APPROVED,MANAGER,2025-10-05,2026-12-31,
APR-0109,EXP-BG-9794,E0219,M020,TRAVEL,APPROVED,MANAGER,2024-08-27,2026-12-31,
APR-0110,EXP-BG-2090,E0220,M021,TRAVEL,APPROVED,MANAGER,2025-02-06,2026-12-31,
APR-0111,EXP-BG-6811,E0223,M024,SOFTWARE,APPROVED,MANAGER,2026-07-18,2026-12-31,
APR-0112,EXP-BG-5447,E0224,M025,TRAVEL,APPROVED,MANAGER,2025-12-22,2026-12-31,
APR-0113,EXP-BG-7989,E0227,M028,GENERAL,APPROVED,MANAGER,2024-11-23,2026-12-31,
APR-0114,EXP-BG-1549,E0228,M029,SOFTWARE,APPROVED,MANAGER,2026-11-27,2026-12-31,
APR-0115,EXP-BG-3289,E0229,M030,GENERAL,APPROVED,MANAGER,2025-02-06,2026-12-31,
APR-0116,EXP-BG-6207,E0232,M033,SOFTWARE,APPROVED,MANAGER,2024-08-08,2026-12-31,
APR-0117,EXP-BG-4914,E0235,M036,TRAVEL,APPROVED,MANAGER,2026-06-23,2026-12-31,
APR-0118,EXP-BG-3939,E0236,M037,TRAVEL,APPROVED,MANAGER,2026-10-12,2026-12-31,
APR-0119,EXP-BG-7386,E0237,M038,TRAVEL,APPROVED,MANAGER,2026-06-25,2026-12-31,
APR-0120,EXP-BG-0321,E0240,M001,GENERAL,APPROVED,MANAGER,2024-09-03,2026-12-31,
APR-0121,EXP-BG-0602,E0242,M003,GENERAL,APPROVED,MANAGER,2024-12-22,2026-12-31,
APR-0122,EXP-BG-2870,E0243,M004,GENERAL,APPROVED,MANAGER,2025-08-24,2026-12-31,
APR-0123,EXP-BG-2849,E0244,M005,TRAVEL,APPROVED,MANAGER,2026-08-21,2026-12-31,
