exception_id,employee_id,expense_id,policy_id,exception_type,status,valid_from,valid_to
EXC-0001,E0190,X2-002,TRV-6.1,HOTEL_LIMIT,APPROVED,2025-02-22,2025-04-23
EXC-0002,E0177,X2-058,TRV-6.1,HOTEL_LIMIT,APPROVED,2026-01-10,2026-03-11
EXC-0003,E0041,X2-012,TRV-6.1,HOTEL_LIMIT,EXPIRED,2025-10-11,2025-12-10
EXC-0004,E0256,X2-072,TRV-6.1,HOTEL_LIMIT,APPROVED,2026-04-16,2026-05-21
EXC-0005,E0178,X2-121,AIR-2.2,HOTEL_LIMIT,APPROVED,2025-06-14,2025-08-13
EXC-0006,E0225,X2-042,TRV-6.1,HOTEL_LIMIT,APPROVED,2024-08-17,2024-10-16
EXC-0007,E0153,X2-046,TRV-6.1,HOTEL_LIMIT,APPROVED,2025-11-08,2026-01-07
EXC-0008,E0198,X2-080,TRV-6.1,CABIN,APPROVED,2026-01-24,2026-04-24
EXC-0009,E0197,X2-108,TRV-6.1,HOTEL_LIMIT,APPROVED,2025-10-28,2025-12-27
EXC-0010,E0117,X2-087,AIR-2.2,HOTEL_LIMIT,APPROVED,2026-04-07,2026-06-06
EXC-0011,E0011,X2-104,TRV-6.1,HOTEL_LIMIT,APPROVED,2025-08-05,2025-10-04
EXC-0012,E0140,X2-128,AIR-2.2,HOTEL_LIMIT,APPROVED,2025-06-03,2025-08-02
EXC-0013,E0089,X2-034,AIR-2.2,HOTEL_LIMIT,APPROVED,2024-09-24,2024-11-23
EXC-0014,E0206,X2-142,TRV-6.1,HOTEL_LIMIT,APPROVED,2026-03-10,2026-05-09
EXC-0015,E0294,X2-089,TRV-6.1,HOTEL_LIMIT,APPROVED,2025-06-10,2025-08-09
EXC-0016,E0094,X2-095,TRV-6.1,HOTEL_LIMIT,EXPIRED,2025-07-16,2025-09-14
EXC-0017,E0033,X2-122,TRV-6.1,HOTEL_LIMIT,APPROVED,2026-02-24,2026-04-25
EXC-0018,E0242,X2-064,TRV-6.1,HOTEL_LIMIT,APPROVED,2025-11-05,2026-01-04
EXC-0019,E0182,X2-057,TRV-6.1,HOTEL_LIMIT,APPROVED,2026-03-24,2026-05-23
EXC-0020,E0246,EXP-BG-7065,TRV-6.1,HOTEL_LIMIT,APPROVED,2025-01-01,2025-03-31
EXC-0021,E0249,EXP-BG-6741,TRV-6.1,HOTEL_LIMIT,APPROVED,2025-01-01,2025-03-31
EXC-0022,E0250,EXP-BG-8927,TRV-6.1,HOTEL_LIMIT,EXPIRED,2025-01-01,2025-03-31
EXC-0023,E0254,EXP-BG-0750,TRV-6.1,HOTEL_LIMIT,APPROVED,2025-01-01,2025-03-31
EXC-0024,E0255,EXP-BG-7177,TRV-6.1,HOTEL_LIMIT,APPROVED,2025-01-01,2025-03-31
EXC-0025,E0257,EXP-BG-2444,TRV-6.1,HOTEL_LIMIT,APPROVED,2025-01-01,2025-03-31
EXC-0026,E0259,EXP-BG-4946,TRV-6.1,HOTEL_LIMIT,APPROVED,2025-01-01,2025-03-31
EXC-0027,E0261,EXP-BG-5042,TRV-6.1,HOTEL_LIMIT,APPROVED,2025-01-01,2025-03-31
EXC-0028,E0262,EXP-BG-9832,TRV-6.1,HOTEL_LIMIT,EXPIRED,2025-01-01,2025-03-31
EXC-0029,E0263,EXP-BG-5946,TRV-6.1,HOTEL_LIMIT,APPROVED,2025-01-01,2025-03-31
EXC-0030,E0266,EXP-BG-2419,TRV-6.1,HOTEL_LIMIT,EXPIRED,2025-01-01,2025-03-31
EXC-0031,E0267,EXP-BG-8939,TRV-6.1,HOTEL_LIMIT,EXPIRED,2025-01-01,2025-03-31
EXC-0032,E0269,EXP-BG-0041,TRV-6.1,HOTEL_LIMIT,APPROVED,2025-01-01,2025-03-31
EXC-0033,E0270,EXP-BG-2895,TRV-6.1,HOTEL_LIMIT,EXPIRED,2025-01-01,2025-03-31
EXC-0034,E0273,EXP-BG-4572,TRV-6.1,HOTEL_LIMIT,EXPIRED,2025-01-01,2025-03-31
EXC-0035,E0274,EXP-BG-0448,TRV-6.1,HOTEL_LIMIT,EXPIRED,2025-01-01,2025-03-31
EXC-0036,E0275,EXP-BG-1496,TRV-6.1,HOTEL_LIMIT,EXPIRED,2025-01-01,2025-03-31
EXC-0037,E0277,EXP-BG-4043,TRV-6.1,HOTEL_LIMIT,EXPIRED,2025-01-01,2025-03-31
EXC-0038,E0282,EXP-BG-6579,TRV-6.1,HOTEL_LIMIT,APPROVED,2025-01-01,2025-03-31
EXC-0039,E0284,EXP-BG-3881,TRV-6.1,HOTEL_LIMIT,EXPIRED,2025-01-01,2025-03-31
EXC-0040,E0287,EXP-BG-5609,TRV-6.1,HOTEL_LIMIT,EXPIRED,2025-01-01,2025-03-31
EXC-0041,E0291,EXP-BG-4850,TRV-6.1,HOTEL_LIMIT,EXPIRED,2025-01-01,2025-03-31
EXC-0042,E0293,EXP-BG-4085,TRV-6.1,HOTEL_LIMIT,EXPIRED,2025-01-01,2025-03-31
EXC-0043,E0297,EXP-BG-6681,TRV-6.1,HOTEL_LIMIT,EXPIRED,2025-01-01,2025-03-31
EXC-0044,E0298,EXP-BG-2929,TRV-6.1,HOTEL_LIMIT,APPROVED,2025-01-01,2025-03-31
EXC-0045,E0299,EXP-BG-0211,TRV-6.1,HOTEL_LIMIT,APPROVED,2025-01-01,2025-03-31
EXC-0046,E0300,EXP-BG-9756,TRV-6.1,HOTEL_LIMIT,APPROVED,2025-01-01,2025-03-31
