travel_id,employee_id,start_date,end_date,destination,purpose,status,event_id,exception_id
TR-0001,E0060,2025-06-16,2025-06-19,Singapore,Client visit,APPROVED,,
TR-0002,E0159,2025-08-18,2025-08-20,Tokyo,Client visit,APPROVED,,
TR-0003,E0279,2026-05-12,2026-05-15,Mumbai,Client visit,APPROVED,,
TR-0004,E0144,2026-03-09,2026-03-13,Singapore,Client visit,APPROVED,,
TR-0005,E0280,2025-04-14,2025-04-30,Nagoya,Client visit,APPROVED,,
TR-0006,E0013,2025-05-19,2025-05-21,Tokyo,Client visit,APPROVED,,
TR-0007,E0169,2025-09-22,2025-09-25,Pune,Client visit,PENDING,,
TR-0008,E0253,2026-02-16,2026-02-19,Fukuoka,Client visit,REJECTED,,
TR-0009,E0053,2025-05-12,2025-05-14,Singapore,Approved conference,APPROVED,CONF-001,
TR-0010,E0154,2026-03-23,2026-03-27,Osaka,Approved conference,APPROVED,CONF-002,
TR-0011,E0156,2025-09-15,2025-09-17,Tokyo,Approved conference,APPROVED,CONF-003,
TR-0012,E0050,2025-10-13,2025-10-17,Bengaluru,Approved conference,APPROVED,CONF-004,
TR-0013,E0064,2026-04-20,2026-04-23,Singapore,Approved conference,APPROVED,CONF-005,
TR-0014,E0171,2025-02-17,2025-02-21,Mumbai,Approved conference,APPROVED,CONF-006,
TR-0015,E0190,2025-03-24,2025-03-26,Singapore,Client visit,APPROVED,,
TR-0016,E0177,2026-02-09,2026-02-12,Tokyo,Client visit,APPROVED,,
TR-0017,E0041,2025-11-10,2025-11-12,Osaka,Client visit,APPROVED,,
TR-0018,E0256,2026-05-26,2026-05-28,Singapore,Client visit,APPROVED,,
TR-0019,E0178,2025-07-14,2025-07-18,Mumbai,Client visit,APPROVED,,
TR-0020,E0091,2024-09-16,2024-09-18,Singapore,Client visit,APPROVED,,
TR-0021,E0071,2026-01-19,2026-01-22,Pune,Client visit,APPROVED,,
TR-0022,E0153,2025-12-08,2025-12-12,Fukuoka,Client visit,PENDING,,
TR-0023,E0067,2025-08-07,2025-08-10,Tokyo,Client visit,APPROVED,,
TR-0024,E0216,2025-04-04,2025-04-07,Tokyo,Client visit,APPROVED,,
TR-0025,E0131,2026-02-09,2026-02-12,Tokyo,Client visit,APPROVED,,
TR-0026,E0295,2024-11-10,2024-11-13,Tokyo,Client visit,APPROVED,,
TR-0027,E0092,2025-09-22,2025-09-25,Tokyo,Client visit,PENDING,,
TR-0028,E0198,2026-03-23,2026-03-26,Tokyo,Client visit,APPROVED,,
TR-0029,E0007,2025-05-19,2025-05-22,Singapore,Business trip,APPROVED,CONF-009,
TR-0030,E0276,2026-06-08,2026-06-11,Chennai,Business trip,APPROVED,,EXC-0933
TR-0031,E0150,2026-02-16,2026-02-19,Kobe,Business trip,APPROVED,CONF-010,
TR-0032,E0012,2025-09-01,2025-09-05,Singapore,Business trip,APPROVED,CONF-011,
TR-0033,E0197,2025-11-17,2025-11-20,Kobe,Business trip,APPROVED,CONF-012,EXC-0009
TR-0034,E0117,2026-04-27,2026-04-30,Singapore,Business trip,APPROVED,CONF-013,EXC-0010
TR-0035,E0221,2025-08-25,2025-08-27,Chennai,Business trip,APPROVED,,EXC-0011
TR-0036,E0174,2025-06-23,2025-06-26,Osaka,Business trip,APPROVED,,EXC-0012
TR-0037,E0033,2024-10-14,2024-10-16,Singapore,Business trip,APPROVED,,EXC-0013
TR-0038,E0015,2026-03-30,2026-04-02,Nagoya,Business trip,APPROVED,CONF-014,EXC-0014
TR-0039,E0094,2025-06-30,2025-07-05,Singapore,Business trip,APPROVED,,EXC-0015
TR-0040,E0043,2025-08-05,2025-08-10,Singapore,Business trip,APPROVED,,EXC-0016
TR-0041,E0246,2026-03-16,2026-03-21,Singapore,Business trip,APPROVED,,EXC-0017
TR-0042,E0107,2025-11-25,2025-11-30,Singapore,Business trip,APPROVED,,EXC-0018
TR-0043,E0234,2026-04-13,2026-04-18,Singapore,Business trip,APPROVED,,EXC-0019
TR-0044,E0051,2025-09-08,2025-09-13,Singapore,Business trip,APPROVED,CONF-015,
TR-0045,E0004,2024-07-08,2024-07-10,Delhi,Training,PENDING,,
TR-0046,E0005,2025-05-01,2025-05-06,Nagoya,Client visit,REJECTED,,
TR-0047,E0006,2024-08-03,2024-08-07,Mumbai,Site audit,REJECTED,,
TR-0048,E0008,2025-10-05,2025-10-08,Delhi,Site audit,PENDING,,
TR-0049,E0009,2025-09-03,2025-09-05,Mumbai,Client visit,REJECTED,,
TR-0050,E0016,2024-11-03,2024-11-06,Kochi,Site audit,APPROVED,,
TR-0051,E0017,2026-08-05,2026-08-08,Singapore,Training,REJECTED,,
TR-0052,E0020,2026-06-14,2026-06-15,Singapore,Site audit,REJECTED,,
TR-0053,E0021,2026-08-09,2026-08-10,Singapore,Client visit,PENDING,,
TR-0054,E0027,2026-06-13,2026-06-16,Fukuoka,Training,APPROVED,,
TR-0055,E0029,2025-10-15,2025-10-16,Kochi,Training,PENDING,,
TR-0056,E0030,2026-08-27,2026-08-31,Kochi,Training,REJECTED,,
TR-0057,E0031,2026-10-10,2026-10-15,Osaka,Client visit,REJECTED,,
TR-0058,E0032,2024-10-07,2024-10-08,Mumbai,Client visit,REJECTED,,
TR-0059,E0034,2025-05-26,2025-05-27,Sapporo,Client visit,APPROVED,,
TR-0060,E0035,2025-12-11,2025-12-12,Pune,Site audit,APPROVED,,
TR-0061,E0036,2026-05-28,2026-05-31,Delhi,Site audit,APPROVED,,
TR-0062,E0037,2024-05-18,2024-05-20,Mumbai,Training,APPROVED,,
TR-0063,E0038,2025-12-10,2025-12-15,Osaka,Site audit,APPROVED,,
TR-0064,E0042,2024-10-23,2024-10-24,Singapore,Client visit,APPROVED,,
TR-0065,E0048,2025-02-25,2025-02-28,Pune,Client visit,PENDING,,
TR-0066,E0052,2025-06-08,2025-06-12,Delhi,Training,APPROVED,,
TR-0067,E0054,2026-08-05,2026-08-07,Nagoya,Site audit,APPROVED,,
TR-0068,E0056,2024-01-25,2024-01-28,Fukuoka,Client visit,APPROVED,,
TR-0069,E0057,2024-07-18,2024-07-23,Pune,Site audit,PENDING,,
TR-0070,E0058,2026-07-18,2026-07-21,Tokyo,Training,APPROVED,,
TR-0071,E0062,2025-06-12,2025-06-14,Singapore,Client visit,APPROVED,,
TR-0072,E0065,2026-04-27,2026-05-01,Fukuoka,Training,REJECTED,,
TR-0073,E0066,2026-05-25,2026-05-29,Fukuoka,Client visit,PENDING,,
TR-0074,E0068,2024-12-26,2024-12-31,Tokyo,Client visit,PENDING,,
TR-0075,E0072,2026-04-13,2026-04-15,Nagoya,Site audit,APPROVED,,
TR-0076,E0073,2024-04-20,2024-04-25,Fukuoka,Client visit,REJECTED,,
TR-0077,E0074,2025-08-24,2025-08-28,Yokohama,Client visit,REJECTED,,
TR-0078,E0077,2024-08-28,2024-08-30,Jaipur,Training,PENDING,,
TR-0079,E0080,2025-10-04,2025-10-05,Sendai,Site audit,REJECTED,,
TR-0080,E0082,2026-10-03,2026-10-04,Sapporo,Site audit,PENDING,,
TR-0081,E0083,2026-02-27,2026-03-04,Fukuoka,Client visit,REJECTED,,
TR-0082,E0084,2025-10-24,2025-10-25,Osaka,Client visit,PENDING,,
TR-0083,E0085,2025-11-25,2025-11-28,Sapporo,Site audit,APPROVED,,
TR-0084,E0086,2026-08-19,2026-08-20,Osaka,Site audit,APPROVED,,
TR-0085,E0089,2026-02-08,2026-02-11,Bengaluru,Training,PENDING,,
TR-0086,E0095,2024-06-21,2024-06-26,Nagoya,Training,APPROVED,,
TR-0087,E0098,2026-07-26,2026-07-30,Tokyo,Site audit,APPROVED,,
TR-0088,E0100,2026-12-05,2026-12-08,Nagoya,Site audit,APPROVED,,
TR-0089,E0101,2025-09-02,2025-09-05,Kochi,Client visit,PENDING,,
TR-0090,E0106,2024-11-21,2024-11-22,Jaipur,Training,REJECTED,,
TR-0091,E0109,2025-07-28,2025-07-29,Delhi,Client visit,REJECTED,,
TR-0092,E0112,2025-06-23,2025-06-27,Jaipur,Training,APPROVED,,
TR-0093,E0115,2025-06-04,2025-06-05,Nagoya,Training,PENDING,,
TR-0094,E0118,2024-11-08,2024-11-12,Sendai,Training,PENDING,,
TR-0095,E0119,2025-10-26,2025-10-28,Delhi,Training,REJECTED,,
TR-0096,E0120,2026-06-16,2026-06-21,Fukuoka,Site audit,PENDING,,
TR-0097,E0123,2025-08-25,2025-08-30,Singapore,Site audit,REJECTED,,
TR-0098,E0125,2024-11-23,2024-11-26,Fukuoka,Client visit,APPROVED,,
TR-0099,E0128,2024-09-23,2024-09-26,Yokohama,Training,APPROVED,,
TR-0100,E0130,2026-11-23,2026-11-28,Fukuoka,Training,APPROVED,,
TR-0101,E0132,2024-12-28,2024-12-29,Jaipur,Site audit,APPROVED,,
TR-0102,E0133,2026-07-18,2026-07-23,Nagoya,Training,APPROVED,,
TR-0103,E0134,2026-06-09,2026-06-14,Pune,Training,APPROVED,,
TR-0104,E0135,2026-09-25,2026-09-28,Sapporo,Training,APPROVED,,
TR-0105,E0140,2024-10-14,2024-10-18,Pune,Site audit,PENDING,,
TR-0106,E0141,2026-10-15,2026-10-16,Yokohama,Client visit,PENDING,,
TR-0107,E0145,2024-06-04,2024-06-08,Singapore,Client visit,REJECTED,,
TR-0108,E0147,2024-11-02,2024-11-04,Jaipur,Training,REJECTED,,
TR-0109,E0148,2026-12-03,2026-12-08,Nagoya,Training,PENDING,,
TR-0110,E0149,2025-08-10,2025-08-13,Mumbai,Client visit,APPROVED,,
TR-0111,E0158,2026-12-26,2026-12-31,Osaka,Site audit,APPROVED,,
TR-0112,E0160,2024-03-15,2024-03-19,Fukuoka,Training,APPROVED,,
TR-0113,E0161,2024-03-12,2024-03-17,Kochi,Site audit,APPROVED,,
TR-0114,E0162,2026-02-14,2026-02-19,Delhi,Client visit,APPROVED,,
