case_id,split,architecture_group,case_family,expected_decision,manual_touch_required,human_review_reason,duplicate_status,split_transaction_status,workflow_sufficient,agent_required_candidate,independent_challenge
EXP-0001,DEVELOPMENT,A_SELF_CONTAINED,SELF_CONTAINED_POLICY,APPROVE,False,,NONE,NONE,True,False,False
EXP-0002,DEVELOPMENT,A_SELF_CONTAINED,SELF_CONTAINED_POLICY,REJECT,False,,NONE,NONE,True,False,False
EXP-0003,DEVELOPMENT,A_SELF_CONTAINED,SELF_CONTAINED_POLICY,REJECT,False,,NONE,NONE,True,False,False
EXP-0004,DEVELOPMENT,A_SELF_CONTAINED,TEMPORAL_POLICY_VERSION,REJECT,False,,NONE,NONE,True,False,False
EXP-0005,DEVELOPMENT,A_SELF_CONTAINED,REGIONAL_PRECEDENCE,REJECT,False,,NONE,NONE,True,False,False
EXP-0006,FINAL_TEST,A_SELF_CONTAINED,EVIDENCE_CONFLICT,REQUEST_INFORMATION,False,,NONE,NONE,True,False,True
EXP-0007,DEVELOPMENT,A_SELF_CONTAINED,SELF_CONTAINED_POLICY,APPROVE,False,,NONE,NONE,True,False,False
EXP-0008,VALIDATION,A_SELF_CONTAINED,SELF_CONTAINED_POLICY,REJECT,False,,NONE,NONE,True,False,False
EXP-0009,FINAL_TEST,A_SELF_CONTAINED,SELF_CONTAINED_POLICY,REJECT,False,,NONE,NONE,True,False,True
EXP-0010,FINAL_TEST,A_SELF_CONTAINED,TEMPORAL_POLICY_VERSION,REJECT,False,,NONE,NONE,True,False,False
EXP-0011,FINAL_TEST,A_SELF_CONTAINED,REGIONAL_PRECEDENCE,REJECT,False,,NONE,NONE,True,False,False
EXP-0012,DEVELOPMENT,A_SELF_CONTAINED,EVIDENCE_CONFLICT,REQUEST_INFORMATION,False,,NONE,NONE,True,False,False
EXP-0013,VALIDATION,A_SELF_CONTAINED,SELF_CONTAINED_POLICY,APPROVE,False,,NONE,NONE,True,False,False
EXP-0014,DEVELOPMENT,A_SELF_CONTAINED,SELF_CONTAINED_POLICY,REJECT,False,,NONE,NONE,True,False,False
EXP-0015,FINAL_TEST,A_SELF_CONTAINED,SELF_CONTAINED_POLICY,REJECT,False,,NONE,NONE,True,False,False
EXP-0016,FINAL_TEST,A_SELF_CONTAINED,TEMPORAL_POLICY_VERSION,REJECT,False,,NONE,NONE,True,False,False
EXP-0017,DEVELOPMENT,A_SELF_CONTAINED,REGIONAL_PRECEDENCE,REJECT,False,,NONE,NONE,True,False,False
EXP-0018,DEVELOPMENT,A_SELF_CONTAINED,EVIDENCE_CONFLICT,REQUEST_INFORMATION,False,,NONE,NONE,True,False,False
EXP-0019,DEVELOPMENT,A_SELF_CONTAINED,SELF_CONTAINED_POLICY,APPROVE,False,,NONE,NONE,True,False,False
EXP-0020,VALIDATION,A_SELF_CONTAINED,SELF_CONTAINED_POLICY,REJECT,False,,NONE,NONE,True,False,False
EXP-0021,DEVELOPMENT,A_SELF_CONTAINED,SELF_CONTAINED_POLICY,REJECT,False,,NONE,NONE,True,False,False
EXP-0022,VALIDATION,A_SELF_CONTAINED,TEMPORAL_POLICY_VERSION,REJECT,False,,NONE,NONE,True,False,False
EXP-0023,FINAL_TEST,A_SELF_CONTAINED,REGIONAL_PRECEDENCE,REJECT,False,,NONE,NONE,True,False,False
EXP-0024,FINAL_TEST,A_SELF_CONTAINED,EVIDENCE_CONFLICT,REQUEST_INFORMATION,False,,NONE,NONE,True,False,False
EXP-0025,DEVELOPMENT,A_SELF_CONTAINED,SELF_CONTAINED_POLICY,APPROVE,False,,NONE,NONE,True,False,False
EXP-0026,DEVELOPMENT,A_SELF_CONTAINED,SELF_CONTAINED_POLICY,REJECT,False,,NONE,NONE,True,False,False
EXP-0027,FINAL_TEST,A_SELF_CONTAINED,SELF_CONTAINED_POLICY,REJECT,False,,NONE,NONE,True,False,False
EXP-0028,DEVELOPMENT,A_SELF_CONTAINED,TEMPORAL_POLICY_VERSION,REJECT,False,,NONE,NONE,True,False,False
EXP-0029,DEVELOPMENT,A_SELF_CONTAINED,REGIONAL_PRECEDENCE,REJECT,False,,NONE,NONE,True,False,False
EXP-0030,FINAL_TEST,A_SELF_CONTAINED,EVIDENCE_CONFLICT,REQUEST_INFORMATION,False,,NONE,NONE,True,False,False
EXP-0031,DEVELOPMENT,A_SELF_CONTAINED,SELF_CONTAINED_POLICY,APPROVE,False,,NONE,NONE,True,False,False
EXP-0032,VALIDATION,A_SELF_CONTAINED,SELF_CONTAINED_POLICY,REJECT,False,,NONE,NONE,True,False,False
EXP-0033,FINAL_TEST,A_SELF_CONTAINED,SELF_CONTAINED_POLICY,REJECT,False,,NONE,NONE,True,False,False
EXP-0034,FINAL_TEST,A_SELF_CONTAINED,TEMPORAL_POLICY_VERSION,REJECT,False,,NONE,NONE,True,False,False
EXP-0035,DEVELOPMENT,A_SELF_CONTAINED,REGIONAL_PRECEDENCE,REJECT,False,,NONE,NONE,True,False,False
EXP-0036,VALIDATION,A_SELF_CONTAINED,EVIDENCE_CONFLICT,REQUEST_INFORMATION,False,,NONE,NONE,True,False,False
EXP-0037,DEVELOPMENT,A_SELF_CONTAINED,SELF_CONTAINED_POLICY,APPROVE,False,,NONE,NONE,True,False,False
EXP-0038,FINAL_TEST,A_SELF_CONTAINED,SELF_CONTAINED_POLICY,REJECT,False,,NONE,NONE,True,False,False
EXP-0039,FINAL_TEST,A_SELF_CONTAINED,SELF_CONTAINED_POLICY,REJECT,False,,NONE,NONE,True,False,False
EXP-0040,DEVELOPMENT,A_SELF_CONTAINED,TEMPORAL_POLICY_VERSION,REJECT,False,,NONE,NONE,True,False,False
EXP-0041,DEVELOPMENT,A_SELF_CONTAINED,REGIONAL_PRECEDENCE,REJECT,False,,NONE,NONE,True,False,False
EXP-0042,FINAL_TEST,A_SELF_CONTAINED,EVIDENCE_CONFLICT,REQUEST_INFORMATION,False,,NONE,NONE,True,False,False
EXP-0043,DEVELOPMENT,A_SELF_CONTAINED,SELF_CONTAINED_POLICY,APPROVE,False,,NONE,NONE,True,False,False
EXP-0044,VALIDATION,A_SELF_CONTAINED,SELF_CONTAINED_POLICY,REJECT,False,,NONE,NONE,True,False,False
EXP-0045,DEVELOPMENT,A_SELF_CONTAINED,SELF_CONTAINED_POLICY,REJECT,False,,NONE,NONE,True,False,False
EXP-0046,FINAL_TEST,A_SELF_CONTAINED,MISSING_INFORMATION,REQUEST_INFORMATION,False,,NONE,NONE,True,False,True
EXP-0047,DEVELOPMENT,A_SELF_CONTAINED,MISSING_INFORMATION,REQUEST_INFORMATION,False,,NONE,NONE,True,False,False
EXP-0048,DEVELOPMENT,A_SELF_CONTAINED,MISSING_INFORMATION,REQUEST_INFORMATION,False,,NONE,NONE,True,False,False
EXP-0049,FINAL_TEST,A_SELF_CONTAINED,MISSING_INFORMATION,REQUEST_INFORMATION,False,,NONE,NONE,True,False,False
EXP-0050,DEVELOPMENT,A_SELF_CONTAINED,MISSING_INFORMATION,REQUEST_INFORMATION,False,,NONE,NONE,True,False,False
EXP-0051,FINAL_TEST,A_SELF_CONTAINED,MISSING_INFORMATION,REQUEST_INFORMATION,False,,NONE,NONE,True,False,False
EXP-0052,DEVELOPMENT,A_SELF_CONTAINED,MISSING_INFORMATION,REQUEST_INFORMATION,False,,NONE,NONE,True,False,False
EXP-0053,DEVELOPMENT,A_SELF_CONTAINED,MISSING_INFORMATION,REQUEST_INFORMATION,False,,NONE,NONE,True,False,False
EXP-0054,DEVELOPMENT,A_SELF_CONTAINED,MISSING_INFORMATION,REQUEST_INFORMATION,False,,NONE,NONE,True,False,False
EXP-0055,VALIDATION,A_SELF_CONTAINED,MISSING_INFORMATION,REQUEST_INFORMATION,False,,NONE,NONE,True,False,False
EXP-0056,VALIDATION,A_SELF_CONTAINED,MISSING_INFORMATION,REQUEST_INFORMATION,False,,NONE,NONE,True,False,False
EXP-0057,FINAL_TEST,A_SELF_CONTAINED,MISSING_INFORMATION,REQUEST_INFORMATION,False,,NONE,NONE,True,False,False
EXP-0058,DEVELOPMENT,A_SELF_CONTAINED,MISSING_INFORMATION,REQUEST_INFORMATION,False,,NONE,NONE,True,False,False
EXP-0059,DEVELOPMENT,A_SELF_CONTAINED,MISSING_INFORMATION,REQUEST_INFORMATION,False,,NONE,NONE,True,False,False
EXP-0060,FINAL_TEST,A_SELF_CONTAINED,MISSING_INFORMATION,REQUEST_INFORMATION,False,,NONE,NONE,True,False,False
EXP-0061,FINAL_TEST,A_SELF_CONTAINED,MISSING_INFORMATION,REQUEST_INFORMATION,False,,NONE,NONE,True,False,False
EXP-0062,VALIDATION,A_SELF_CONTAINED,MISSING_INFORMATION,REQUEST_INFORMATION,False,,NONE,NONE,True,False,False
EXP-0063,DEVELOPMENT,A_SELF_CONTAINED,MISSING_INFORMATION,REQUEST_INFORMATION,False,,NONE,NONE,True,False,False
EXP-0064,FINAL_TEST,A_SELF_CONTAINED,MISSING_INFORMATION,REQUEST_INFORMATION,False,,NONE,NONE,True,False,False
EXP-0065,DEVELOPMENT,A_SELF_CONTAINED,MISSING_INFORMATION,REQUEST_INFORMATION,False,,NONE,NONE,True,False,False
EXP-0066,FINAL_TEST,B_WORKFLOW,DUPLICATE_CHECK,REJECT,False,,EXACT_DUPLICATE,NONE,True,False,True
EXP-0067,DEVELOPMENT,B_WORKFLOW,DUPLICATE_CHECK,REQUEST_INFORMATION,False,,POSSIBLE_DUPLICATE,NONE,True,False,False
EXP-0068,DEVELOPMENT,B_WORKFLOW,DUPLICATE_CHECK,APPROVE,False,,LEGITIMATE_REPEAT,NONE,True,False,False
EXP-0069,FINAL_TEST,B_WORKFLOW,DUPLICATE_CHECK,REJECT,False,,EXACT_DUPLICATE,NONE,True,False,True
EXP-0070,FINAL_TEST,B_WORKFLOW,DUPLICATE_CHECK,REQUEST_INFORMATION,False,,POSSIBLE_DUPLICATE,NONE,True,False,False
EXP-0071,DEVELOPMENT,B_WORKFLOW,DUPLICATE_CHECK,APPROVE,False,,LEGITIMATE_REPEAT,NONE,True,False,False
EXP-0072,FINAL_TEST,B_WORKFLOW,DUPLICATE_CHECK,REJECT,False,,EXACT_DUPLICATE,NONE,True,False,False
EXP-0073,VALIDATION,B_WORKFLOW,DUPLICATE_CHECK,REQUEST_INFORMATION,False,,POSSIBLE_DUPLICATE,NONE,True,False,False
EXP-0074,VALIDATION,B_WORKFLOW,DUPLICATE_CHECK,APPROVE,False,,LEGITIMATE_REPEAT,NONE,True,False,False
EXP-0075,DEVELOPMENT,B_WORKFLOW,DUPLICATE_CHECK,REJECT,False,,EXACT_DUPLICATE,NONE,True,False,False
EXP-0076,FINAL_TEST,B_WORKFLOW,DUPLICATE_CHECK,REQUEST_INFORMATION,False,,POSSIBLE_DUPLICATE,NONE,True,False,False
EXP-0077,VALIDATION,B_WORKFLOW,DUPLICATE_CHECK,APPROVE,False,,LEGITIMATE_REPEAT,NONE,True,False,False
EXP-0078,DEVELOPMENT,B_WORKFLOW,DUPLICATE_CHECK,REJECT,False,,EXACT_DUPLICATE,NONE,True,False,False
EXP-0079,DEVELOPMENT,B_WORKFLOW,DUPLICATE_CHECK,REQUEST_INFORMATION,False,,POSSIBLE_DUPLICATE,NONE,True,False,False
EXP-0080,DEVELOPMENT,B_WORKFLOW,DUPLICATE_CHECK,APPROVE,False,,LEGITIMATE_REPEAT,NONE,True,False,False
EXP-0081,FINAL_TEST,B_WORKFLOW,SPLIT_TRANSACTION,APPROVE,False,,NONE,RELATED_SPLIT,True,False,True
EXP-0082,VALIDATION,B_WORKFLOW,SPLIT_TRANSACTION,REQUEST_INFORMATION,False,,NONE,RELATED_SPLIT,True,False,False
EXP-0083,FINAL_TEST,B_WORKFLOW,SPLIT_TRANSACTION,ESCALATE,True,CONFLICTING_APPROVAL_EVIDENCE,NONE,RELATED_SPLIT,True,False,False
EXP-0084,DEVELOPMENT,B_WORKFLOW,SPLIT_TRANSACTION,APPROVE,False,,NONE,RELATED_SPLIT,True,False,False
EXP-0085,VALIDATION,B_WORKFLOW,SPLIT_TRANSACTION,REQUEST_INFORMATION,False,,NONE,RELATED_SPLIT,True,False,False
EXP-0086,DEVELOPMENT,B_WORKFLOW,SPLIT_TRANSACTION,ESCALATE,True,CONFLICTING_APPROVAL_EVIDENCE,NONE,RELATED_SPLIT,True,False,False
EXP-0087,DEVELOPMENT,B_WORKFLOW,SPLIT_TRANSACTION,APPROVE,False,,NONE,RELATED_SPLIT,True,False,False
EXP-0088,FINAL_TEST,B_WORKFLOW,SPLIT_TRANSACTION,REQUEST_INFORMATION,False,,NONE,RELATED_SPLIT,True,False,False
EXP-0089,DEVELOPMENT,B_WORKFLOW,SPLIT_TRANSACTION,ESCALATE,True,CONFLICTING_APPROVAL_EVIDENCE,NONE,RELATED_SPLIT,True,False,False
EXP-0090,DEVELOPMENT,B_WORKFLOW,SPLIT_TRANSACTION,APPROVE,False,,NONE,RELATED_SPLIT,True,False,False
EXP-0091,DEVELOPMENT,B_WORKFLOW,FIXED_WORKFLOW,APPROVE,False,,NONE,NONE,True,False,False
EXP-0092,FINAL_TEST,B_WORKFLOW,FIXED_WORKFLOW,ESCALATE,True,APPROVAL_CONFLICT,NONE,NONE,True,False,True
EXP-0093,VALIDATION,B_WORKFLOW,FIXED_WORKFLOW,APPROVE,False,,NONE,NONE,True,False,False
EXP-0094,FINAL_TEST,B_WORKFLOW,FIXED_WORKFLOW,REQUEST_INFORMATION,False,,NONE,NONE,True,False,True
EXP-0095,FINAL_TEST,B_WORKFLOW,FIXED_WORKFLOW,APPROVE,False,,NONE,NONE,True,False,False
EXP-0096,FINAL_TEST,B_WORKFLOW,FIXED_WORKFLOW,REJECT,False,,NONE,NONE,True,False,False
EXP-0097,DEVELOPMENT,B_WORKFLOW,FIXED_WORKFLOW,APPROVE,False,,NONE,NONE,True,False,False
EXP-0098,DEVELOPMENT,B_WORKFLOW,FIXED_WORKFLOW,ESCALATE,True,APPROVAL_CONFLICT,NONE,NONE,True,False,False
EXP-0099,DEVELOPMENT,B_WORKFLOW,FIXED_WORKFLOW,APPROVE,False,,NONE,NONE,True,False,False
EXP-0100,DEVELOPMENT,B_WORKFLOW,FIXED_WORKFLOW,REQUEST_INFORMATION,False,,NONE,NONE,True,False,False
EXP-0101,DEVELOPMENT,B_WORKFLOW,FIXED_WORKFLOW,APPROVE,False,,NONE,NONE,True,False,False
EXP-0102,FINAL_TEST,B_WORKFLOW,FIXED_WORKFLOW,REJECT,False,,NONE,NONE,True,False,False
EXP-0103,VALIDATION,B_WORKFLOW,FIXED_WORKFLOW,APPROVE,False,,NONE,NONE,True,False,False
EXP-0104,DEVELOPMENT,B_WORKFLOW,FIXED_WORKFLOW,ESCALATE,True,APPROVAL_CONFLICT,NONE,NONE,True,False,False
EXP-0105,DEVELOPMENT,B_WORKFLOW,FIXED_WORKFLOW,APPROVE,False,,NONE,NONE,True,False,False
EXP-0106,FINAL_TEST,C_AGENT_DYNAMIC,DYNAMIC_AGENT_INVESTIGATION,APPROVE,False,,NONE,NONE,False,True,True
EXP-0107,DEVELOPMENT,C_AGENT_DYNAMIC,DYNAMIC_AGENT_INVESTIGATION,APPROVE,False,,NONE,NONE,False,True,False
EXP-0108,FINAL_TEST,C_AGENT_DYNAMIC,DYNAMIC_AGENT_INVESTIGATION,ESCALATE,True,NO_SUPPORTED_EXCEPTION_PATH,NONE,NONE,False,True,True
EXP-0109,DEVELOPMENT,C_AGENT_DYNAMIC,DYNAMIC_AGENT_INVESTIGATION,REJECT,False,,NONE,NONE,False,True,False
EXP-0110,DEVELOPMENT,C_AGENT_DYNAMIC,DYNAMIC_AGENT_INVESTIGATION,REJECT,False,,NONE,NONE,False,True,False
EXP-0111,VALIDATION,C_AGENT_DYNAMIC,DYNAMIC_AGENT_INVESTIGATION,ESCALATE,True,NO_SUPPORTED_EXCEPTION_PATH,NONE,NONE,False,True,False
EXP-0112,FINAL_TEST,C_AGENT_DYNAMIC,DYNAMIC_AGENT_INVESTIGATION,APPROVE,False,,NONE,NONE,False,True,False
EXP-0113,DEVELOPMENT,C_AGENT_DYNAMIC,DYNAMIC_AGENT_INVESTIGATION,APPROVE,False,,NONE,NONE,False,True,False
EXP-0114,VALIDATION,C_AGENT_DYNAMIC,DYNAMIC_AGENT_INVESTIGATION,ESCALATE,True,NO_SUPPORTED_EXCEPTION_PATH,NONE,NONE,False,True,False
EXP-0115,VALIDATION,C_AGENT_DYNAMIC,DYNAMIC_AGENT_INVESTIGATION,REJECT,False,,NONE,NONE,False,True,False
EXP-0116,DEVELOPMENT,C_AGENT_DYNAMIC,DYNAMIC_AGENT_INVESTIGATION,REJECT,False,,NONE,NONE,False,True,False
EXP-0117,FINAL_TEST,C_AGENT_DYNAMIC,DYNAMIC_AGENT_INVESTIGATION,ESCALATE,True,NO_SUPPORTED_EXCEPTION_PATH,NONE,NONE,False,True,False
EXP-0118,DEVELOPMENT,C_AGENT_DYNAMIC,DYNAMIC_AGENT_INVESTIGATION,APPROVE,False,,NONE,NONE,False,True,False
EXP-0119,FINAL_TEST,C_AGENT_DYNAMIC,DYNAMIC_AGENT_INVESTIGATION,APPROVE,False,,NONE,NONE,False,True,False
EXP-0120,DEVELOPMENT,C_AGENT_DYNAMIC,DYNAMIC_AGENT_INVESTIGATION,ESCALATE,True,NO_SUPPORTED_EXCEPTION_PATH,NONE,NONE,False,True,False
