employee_id,grade,region,department,manager_id,status,cost_centre
E0001,G3,JP,Engineering,M002,ACTIVE,CC-02
E0002,G4,IN,Product,M003,ACTIVE,CC-03
E0003,G5,SG,Finance,M004,ACTIVE,CC-04
E0004,G6,JP,Operations,M005,ACTIVE,CC-05
E0005,G7,IN,Sales,M006,ACTIVE,CC-06
E0006,G2,SG,Engineering,M007,ACTIVE,CC-07
E0007,G3,JP,Product,M008,ACTIVE,CC-08
E0008,G4,IN,Finance,M009,ACTIVE,CC-09
E0009,G5,SG,Operations,M010,ACTIVE,CC-10
E0010,G6,JP,Sales,M011,ACTIVE,CC-11
E0011,G7,IN,Engineering,M012,ACTIVE,CC-12
E0012,G2,SG,Product,M013,ACTIVE,CC-13
E0013,G3,JP,Finance,M014,ACTIVE,CC-14
E0014,G4,IN,Operations,M015,ACTIVE,CC-15
E0015,G5,SG,Sales,M016,ACTIVE,CC-16
E0016,G6,JP,Engineering,M017,ACTIVE,CC-17
E0017,G7,IN,Product,M018,ACTIVE,CC-18
E0018,G2,SG,Finance,M019,ACTIVE,CC-01
E0019,G3,JP,Operations,M020,ACTIVE,CC-02
E0020,G4,IN,Sales,M001,ACTIVE,CC-03
E0021,G5,SG,Engineering,M002,ACTIVE,CC-04
E0022,G6,JP,Product,M003,ACTIVE,CC-05
E0023,G7,IN,Finance,M004,ACTIVE,CC-06
E0024,G2,SG,Operations,M005,ACTIVE,CC-07
E0025,G3,JP,Sales,M006,ACTIVE,CC-08
E0026,G4,IN,Engineering,M007,ACTIVE,CC-09
E0027,G5,SG,Product,M008,ACTIVE,CC-10
E0028,G6,JP,Finance,M009,ACTIVE,CC-11
E0029,G7,IN,Operations,M010,ACTIVE,CC-12
E0030,G2,SG,Sales,M011,ACTIVE,CC-13
E0031,G3,JP,Engineering,M012,ACTIVE,CC-14
E0032,G4,IN,Product,M013,ACTIVE,CC-15
E0033,G5,SG,Finance,M014,ACTIVE,CC-16
E0034,G6,JP,Operations,M015,ACTIVE,CC-17
E0035,G7,IN,Sales,M016,ACTIVE,CC-18
E0036,G2,SG,Engineering,M017,ACTIVE,CC-01
E0037,G3,JP,Product,M018,ACTIVE,CC-02
E0038,G4,IN,Finance,M019,ACTIVE,CC-03
E0039,G5,SG,Operations,M020,ACTIVE,CC-04
E0040,G6,JP,Sales,M001,ACTIVE,CC-05
E0041,G7,IN,Engineering,M002,ACTIVE,CC-06
E0042,G2,SG,Product,M003,ACTIVE,CC-07
E0043,G3,JP,Finance,M004,ACTIVE,CC-08
E0044,G4,IN,Operations,M005,ACTIVE,CC-09
E0045,G5,SG,Sales,M006,ACTIVE,CC-10
E0046,G6,JP,Engineering,M007,ACTIVE,CC-11
E0047,G7,IN,Product,M008,ACTIVE,CC-12
E0048,G2,SG,Finance,M009,ACTIVE,CC-13
E0049,G3,JP,Operations,M010,ACTIVE,CC-14
E0050,G4,IN,Sales,M011,ACTIVE,CC-15
E0051,G5,SG,Engineering,M012,ACTIVE,CC-16
E0052,G6,JP,Product,M013,ACTIVE,CC-17
E0053,G7,IN,Finance,M014,ACTIVE,CC-18
E0054,G2,SG,Operations,M015,ACTIVE,CC-01
E0055,G3,JP,Sales,M016,ACTIVE,CC-02
E0056,G4,IN,Engineering,M017,ACTIVE,CC-03
E0057,G5,SG,Product,M018,ACTIVE,CC-04
E0058,G6,JP,Finance,M019,ACTIVE,CC-05
E0059,G7,IN,Operations,M020,ACTIVE,CC-06
E0060,G2,SG,Sales,M001,ACTIVE,CC-07
E0061,G3,JP,Engineering,M002,ACTIVE,CC-08
E0062,G4,IN,Product,M003,ACTIVE,CC-09
E0063,G5,SG,Finance,M004,ACTIVE,CC-10
E0064,G6,JP,Operations,M005,ACTIVE,CC-11
E0065,G7,IN,Sales,M006,ACTIVE,CC-12
E0066,G2,SG,Engineering,M007,ACTIVE,CC-13
E0067,G3,JP,Product,M008,ACTIVE,CC-14
E0068,G4,IN,Finance,M009,ACTIVE,CC-15
E0069,G5,SG,Operations,M010,ACTIVE,CC-16
E0070,G6,JP,Sales,M011,ACTIVE,CC-17
E0071,G7,IN,Engineering,M012,ACTIVE,CC-18
E0072,G2,SG,Product,M013,ACTIVE,CC-01
E0073,G3,JP,Finance,M014,ACTIVE,CC-02
E0074,G4,IN,Operations,M015,ACTIVE,CC-03
E0075,G5,SG,Sales,M016,ACTIVE,CC-04
E0076,G6,JP,Engineering,M017,ACTIVE,CC-05
E0077,G7,IN,Product,M018,ACTIVE,CC-06
E0078,G2,SG,Finance,M019,ACTIVE,CC-07
E0079,G3,JP,Operations,M020,ACTIVE,CC-08
E0080,G4,IN,Sales,M001,ACTIVE,CC-09
E0081,G5,SG,Engineering,M002,ACTIVE,CC-10
E0082,G6,JP,Product,M003,ACTIVE,CC-11
E0083,G7,IN,Finance,M004,ACTIVE,CC-12
E0084,G2,SG,Operations,M005,ACTIVE,CC-13
E0085,G3,JP,Sales,M006,ACTIVE,CC-14
E0086,G4,IN,Engineering,M007,ACTIVE,CC-15
E0087,G5,SG,Product,M008,ACTIVE,CC-16
E0088,G6,JP,Finance,M009,ACTIVE,CC-17
E0089,G7,IN,Operations,M010,ACTIVE,CC-18
E0090,G2,SG,Sales,M011,ACTIVE,CC-01
E0091,G3,JP,Engineering,M012,ACTIVE,CC-02
E0092,G4,IN,Product,M013,ACTIVE,CC-03
E0093,G5,SG,Finance,M014,ACTIVE,CC-04
E0094,G6,JP,Operations,M015,ACTIVE,CC-05
E0095,G7,IN,Sales,M016,ACTIVE,CC-06
E0096,G2,SG,Engineering,M017,ACTIVE,CC-07
E0097,G3,JP,Product,M018,ACTIVE,CC-08
E0098,G4,IN,Finance,M019,ACTIVE,CC-09
E0099,G5,SG,Operations,M020,ACTIVE,CC-10
E0100,G6,JP,Sales,M001,ACTIVE,CC-11
E0101,G7,IN,Engineering,M002,ACTIVE,CC-12
E0102,G2,SG,Product,M003,ACTIVE,CC-13
E0103,G3,JP,Finance,M004,ACTIVE,CC-14
E0104,G4,IN,Operations,M005,ACTIVE,CC-15
E0105,G5,SG,Sales,M006,ACTIVE,CC-16
E0106,G6,JP,Engineering,M007,ACTIVE,CC-17
E0107,G7,IN,Product,M008,ACTIVE,CC-18
E0108,G2,SG,Finance,M009,ACTIVE,CC-01
E0109,G3,JP,Operations,M010,ACTIVE,CC-02
E0110,G4,IN,Sales,M011,ACTIVE,CC-03
E0111,G5,SG,Engineering,M012,ACTIVE,CC-04
E0112,G6,JP,Product,M013,ACTIVE,CC-05
E0113,G7,IN,Finance,M014,ACTIVE,CC-06
E0114,G2,SG,Operations,M015,ACTIVE,CC-07
E0115,G3,JP,Sales,M016,ACTIVE,CC-08
E0116,G4,IN,Engineering,M017,ACTIVE,CC-09
E0117,G5,SG,Product,M018,ACTIVE,CC-10
E0118,G6,JP,Finance,M019,ACTIVE,CC-11
E0119,G7,IN,Operations,M020,ACTIVE,CC-12
E0120,G2,SG,Sales,M001,ACTIVE,CC-13
E0121,G3,JP,Engineering,M002,ACTIVE,CC-14
E0122,G4,IN,Product,M003,ACTIVE,CC-15
E0123,G5,SG,Finance,M004,ACTIVE,CC-16
E0124,G6,JP,Operations,M005,ACTIVE,CC-17
E0125,G7,IN,Sales,M006,ACTIVE,CC-18
E0126,G2,SG,Engineering,M007,ACTIVE,CC-01
E0127,G3,JP,Product,M008,ACTIVE,CC-02
E0128,G4,IN,Finance,M009,ACTIVE,CC-03
E0129,G5,SG,Operations,M010,ACTIVE,CC-04
E0130,G6,JP,Sales,M011,ACTIVE,CC-05
E0131,G7,IN,Engineering,M012,ACTIVE,CC-06
E0132,G2,SG,Product,M013,ACTIVE,CC-07
E0133,G3,JP,Finance,M014,ACTIVE,CC-08
E0134,G4,IN,Operations,M015,ACTIVE,CC-09
E0135,G5,SG,Sales,M016,ACTIVE,CC-10
E0136,G6,JP,Engineering,M017,ACTIVE,CC-11
E0137,G7,IN,Product,M018,ACTIVE,CC-12
E0138,G2,SG,Finance,M019,ACTIVE,CC-13
E0139,G3,JP,Operations,M020,ACTIVE,CC-14
E0140,G4,IN,Sales,M001,ACTIVE,CC-15
E0141,G5,SG,Engineering,M002,ACTIVE,CC-16
E0142,G6,JP,Product,M003,ACTIVE,CC-17
E0143,G7,IN,Finance,M004,ACTIVE,CC-18
E0144,G2,SG,Operations,M005,ACTIVE,CC-01
E0145,G3,JP,Sales,M006,ACTIVE,CC-02
E0146,G4,IN,Engineering,M007,ACTIVE,CC-03
E0147,G5,SG,Product,M008,ACTIVE,CC-04
E0148,G6,JP,Finance,M009,ACTIVE,CC-05
E0149,G7,IN,Operations,M010,ACTIVE,CC-06
E0150,G2,SG,Sales,M011,ACTIVE,CC-07
E0151,G3,JP,Engineering,M012,ACTIVE,CC-08
E0152,G4,IN,Product,M013,ACTIVE,CC-09
E0153,G5,SG,Finance,M014,ACTIVE,CC-10
E0154,G6,JP,Operations,M015,ACTIVE,CC-11
E0155,G7,IN,Sales,M016,ACTIVE,CC-12
E0156,G2,SG,Engineering,M017,ACTIVE,CC-13
E0157,G3,JP,Product,M018,ACTIVE,CC-14
E0158,G4,IN,Finance,M019,ACTIVE,CC-15
E0159,G5,SG,Operations,M020,ACTIVE,CC-16
E0160,G6,JP,Sales,M001,ACTIVE,CC-17
E0161,G7,IN,Engineering,M002,ACTIVE,CC-18
E0162,G2,SG,Product,M003,ACTIVE,CC-01
E0163,G3,JP,Finance,M004,ACTIVE,CC-02
E0164,G4,IN,Operations,M005,ACTIVE,CC-03
E0165,G5,SG,Sales,M006,ACTIVE,CC-04
E0166,G6,JP,Engineering,M007,ACTIVE,CC-05
E0167,G7,IN,Product,M008,ACTIVE,CC-06
E0168,G2,SG,Finance,M009,ACTIVE,CC-07
E0169,G3,JP,Operations,M010,ACTIVE,CC-08
E0170,G4,IN,Sales,M011,ACTIVE,CC-09
E0171,G5,SG,Engineering,M012,ACTIVE,CC-10
E0172,G6,JP,Product,M013,ACTIVE,CC-11
E0173,G7,IN,Finance,M014,ACTIVE,CC-12
E0174,G2,SG,Operations,M015,ACTIVE,CC-13
E0175,G3,JP,Sales,M016,ACTIVE,CC-14
E0176,G4,IN,Engineering,M017,ACTIVE,CC-15
E0177,G5,SG,Product,M018,ACTIVE,CC-16
E0178,G6,JP,Finance,M019,ACTIVE,CC-17
E0179,G7,IN,Operations,M020,ACTIVE,CC-18
E0180,G2,SG,Sales,M001,ACTIVE,CC-01
