approval_id,expense_id,employee_id,manager_id,approval_type,status,start_date,end_date
APR-SPLIT-000,EXP-0081,E0156,M017,COMBINED_DISCRETIONARY_SPEND,APPROVED,2026-08-01,2026-08-01
APR-SPLIT-002,EXP-0083,E0002,M003,UNRELATED_PURCHASE,APPROVED,2026-08-03,2026-08-03
APR-SPLIT-003,EXP-0084,E0015,M016,COMBINED_DISCRETIONARY_SPEND,APPROVED,2026-08-04,2026-08-04
APR-SPLIT-005,EXP-0086,E0041,M002,UNRELATED_PURCHASE,APPROVED,2026-08-06,2026-08-06
APR-SPLIT-006,EXP-0087,E0054,M015,COMBINED_DISCRETIONARY_SPEND,APPROVED,2026-08-07,2026-08-07
APR-SPLIT-008,EXP-0089,E0080,M001,UNRELATED_PURCHASE,APPROVED,2026-08-09,2026-08-09
APR-SPLIT-009,EXP-0090,E0093,M014,COMBINED_DISCRETIONARY_SPEND,APPROVED,2026-08-10,2026-08-10
APR-WF-001,EXP-0092,E0004,M005,SOFTWARE,APPROVED,2026-04-02,2026-04-02
APR-WF-004,EXP-0095,E0043,M004,SOFTWARE,APPROVED,2026-07-05,2026-07-05
APR-WF-007,EXP-0098,E0082,M003,SOFTWARE,APPROVED,2026-05-08,2026-05-08
APR-WF-010,EXP-0101,E0121,M002,SOFTWARE,APPROVED,2026-03-11,2026-03-11
APR-WF-013,EXP-0104,E0160,M001,SOFTWARE,APPROVED,2026-06-14,2026-06-14
