expense_id,employee_id,merchant,transaction_date,amount,currency,bill_number,business_purpose,status,project_id,approval_id
HIST-EXP-0001,E0012,Sakura Grill,2026-01-02,87,SGD,HIST-B-00001,Routine historical business expense,REIMBURSED,PRJ-002,
HIST-EXP-0002,E0023,Spice Courtyard,2026-01-03,3514,INR,HIST-B-00002,Routine historical business expense,REIMBURSED,PRJ-003,
HIST-EXP-0003,E0034,CityRide,2026-01-04,9021,JPY,HIST-B-00003,Routine historical business expense,REIMBURSED,PRJ-004,
HIST-EXP-0004,E0045,QuickCab,2026-01-05,108,SGD,HIST-B-00004,Routine historical business expense,REIMBURSED,PRJ-005,
HIST-EXP-0005,E0056,CloudSuite Pro,2026-01-06,3535,INR,HIST-B-00005,Routine historical business expense,REIMBURSED,PRJ-006,
HIST-EXP-0006,E0067,OfficeMart,2026-01-07,9042,JPY,HIST-B-00006,Routine historical business expense,REIMBURSED,PRJ-007,
HIST-EXP-0007,E0078,Marina Dining Room,2026-01-08,129,SGD,HIST-B-00007,Routine historical business expense,REIMBURSED,PRJ-008,
HIST-EXP-0008,E0089,Sakura Grill,2026-01-09,3556,INR,HIST-B-00008,Routine historical business expense,REIMBURSED,PRJ-009,
HIST-EXP-0009,E0100,Spice Courtyard,2026-01-10,9063,JPY,HIST-B-00009,Routine historical business expense,REIMBURSED,PRJ-010,
HIST-EXP-0010,E0111,CityRide,2026-01-11,150,SGD,HIST-B-00010,Routine historical business expense,REIMBURSED,PRJ-011,
HIST-EXP-0011,E0122,QuickCab,2026-01-12,3577,INR,HIST-B-00011,Routine historical business expense,REIMBURSED,PRJ-012,
HIST-EXP-0012,E0133,CloudSuite Pro,2026-01-13,9084,JPY,HIST-B-00012,Routine historical business expense,REIMBURSED,PRJ-013,
HIST-EXP-0013,E0144,OfficeMart,2026-01-14,80,SGD,HIST-B-00013,Routine historical business expense,REIMBURSED,PRJ-014,
HIST-EXP-0014,E0155,Marina Dining Room,2026-01-15,3507,INR,HIST-B-00014,Routine historical business expense,REIMBURSED,PRJ-015,
HIST-EXP-0015,E0166,Sakura Grill,2026-01-16,9014,JPY,HIST-B-00015,Routine historical business expense,REIMBURSED,PRJ-016,
HIST-EXP-0016,E0177,Spice Courtyard,2026-01-17,101,SGD,HIST-B-00016,Routine historical business expense,REIMBURSED,PRJ-017,
HIST-EXP-0017,E0008,CityRide,2026-01-18,3528,INR,HIST-B-00017,Routine historical business expense,REIMBURSED,PRJ-018,
HIST-EXP-0018,E0019,QuickCab,2026-01-19,9035,JPY,HIST-B-00018,Routine historical business expense,REIMBURSED,PRJ-019,
HIST-EXP-0019,E0030,CloudSuite Pro,2026-01-20,122,SGD,HIST-B-00019,Routine historical business expense,REIMBURSED,PRJ-020,
HIST-EXP-0020,E0041,OfficeMart,2026-01-21,3549,INR,HIST-B-00020,Routine historical business expense,REIMBURSED,PRJ-021,
HIST-EXP-0021,E0052,Marina Dining Room,2026-01-22,9056,JPY,HIST-B-00021,Routine historical business expense,REIMBURSED,PRJ-022,
HIST-EXP-0022,E0063,Sakura Grill,2026-01-23,143,SGD,HIST-B-00022,Routine historical business expense,REIMBURSED,PRJ-023,
HIST-EXP-0023,E0074,Spice Courtyard,2026-01-24,3570,INR,HIST-B-00023,Routine historical business expense,REIMBURSED,PRJ-024,
HIST-EXP-0024,E0085,CityRide,2026-01-25,9077,JPY,HIST-B-00024,Routine historical business expense,REIMBURSED,PRJ-025,
HIST-EXP-0025,E0096,QuickCab,2026-01-26,164,SGD,HIST-B-00025,Routine historical business expense,REIMBURSED,PRJ-026,
HIST-EXP-0026,E0107,CloudSuite Pro,2026-01-27,3500,INR,HIST-B-00026,Routine historical business expense,REIMBURSED,PRJ-027,
HIST-EXP-0027,E0118,OfficeMart,2026-01-28,9007,JPY,HIST-B-00027,Routine historical business expense,REIMBURSED,PRJ-028,
HIST-EXP-0028,E0129,Marina Dining Room,2026-01-29,94,SGD,HIST-B-00028,Routine historical business expense,REIMBURSED,PRJ-029,
HIST-EXP-0029,E0140,Sakura Grill,2026-01-30,3521,INR,HIST-B-00029,Routine historical business expense,REIMBURSED,PRJ-030,
HIST-EXP-0030,E0151,Spice Courtyard,2026-01-31,9028,JPY,HIST-B-00030,Routine historical business expense,REIMBURSED,PRJ-031,
HIST-EXP-0031,E0162,CityRide,2026-02-01,115,SGD,HIST-B-00031,Routine historical business expense,REIMBURSED,PRJ-032,
HIST-EXP-0032,E0173,QuickCab,2026-02-02,3542,INR,HIST-B-00032,Routine historical business expense,REIMBURSED,PRJ-033,
HIST-EXP-0033,E0004,CloudSuite Pro,2026-02-03,9049,JPY,HIST-B-00033,Routine historical business expense,REIMBURSED,PRJ-034,
HIST-EXP-0034,E0015,OfficeMart,2026-02-04,136,SGD,HIST-B-00034,Routine historical business expense,REIMBURSED,PRJ-035,
HIST-EXP-0035,E0026,Marina Dining Room,2026-02-05,3563,INR,HIST-B-00035,Routine historical business expense,REIMBURSED,PRJ-036,
HIST-EXP-0036,E0037,Sakura Grill,2026-02-06,9070,JPY,HIST-B-00036,Routine historical business expense,REIMBURSED,PRJ-037,
HIST-EXP-0037,E0048,Spice Courtyard,2026-02-07,157,SGD,HIST-B-00037,Routine historical business expense,REIMBURSED,PRJ-038,
HIST-EXP-0038,E0059,CityRide,2026-02-08,3584,INR,HIST-B-00038,Routine historical business expense,REIMBURSED,PRJ-039,
HIST-EXP-0039,E0070,QuickCab,2026-02-09,9000,JPY,HIST-B-00039,Routine historical business expense,REIMBURSED,PRJ-040,
HIST-EXP-0040,E0081,CloudSuite Pro,2026-02-10,87,SGD,HIST-B-00040,Routine historical business expense,REIMBURSED,PRJ-041,
HIST-EXP-0041,E0092,OfficeMart,2026-02-11,3514,INR,HIST-B-00041,Routine historical business expense,REIMBURSED,PRJ-042,
HIST-EXP-0042,E0103,Marina Dining Room,2026-02-12,9021,JPY,HIST-B-00042,Routine historical business expense,REIMBURSED,PRJ-043,
HIST-EXP-0043,E0114,Sakura Grill,2026-02-13,108,SGD,HIST-B-00043,Routine historical business expense,REIMBURSED,PRJ-044,
HIST-EXP-0044,E0125,Spice Courtyard,2026-02-14,3535,INR,HIST-B-00044,Routine historical business expense,REIMBURSED,PRJ-045,
HIST-EXP-0045,E0136,CityRide,2026-02-15,9042,JPY,HIST-B-00045,Routine historical business expense,REIMBURSED,PRJ-046,
HIST-EXP-0046,E0147,QuickCab,2026-02-16,129,SGD,HIST-B-00046,Routine historical business expense,REIMBURSED,PRJ-047,
HIST-EXP-0047,E0158,CloudSuite Pro,2026-02-17,3556,INR,HIST-B-00047,Routine historical business expense,REIMBURSED,PRJ-048,
HIST-EXP-0048,E0169,OfficeMart,2026-02-18,9063,JPY,HIST-B-00048,Routine historical business expense,REIMBURSED,PRJ-049,
HIST-EXP-0049,E0180,Marina Dining Room,2026-02-19,150,SGD,HIST-B-00049,Routine historical business expense,REIMBURSED,PRJ-050,
HIST-EXP-0050,E0011,Sakura Grill,2026-02-20,3577,INR,HIST-B-00050,Routine historical business expense,REIMBURSED,PRJ-051,
HIST-EXP-0051,E0022,Spice Courtyard,2026-02-21,9084,JPY,HIST-B-00051,Routine historical business expense,REIMBURSED,PRJ-052,
HIST-EXP-0052,E0033,CityRide,2026-02-22,80,SGD,HIST-B-00052,Routine historical business expense,REIMBURSED,PRJ-053,
HIST-EXP-0053,E0044,QuickCab,2026-02-23,3507,INR,HIST-B-00053,Routine historical business expense,REIMBURSED,PRJ-054,
HIST-EXP-0054,E0055,CloudSuite Pro,2026-02-24,9014,JPY,HIST-B-00054,Routine historical business expense,REIMBURSED,PRJ-055,
HIST-EXP-0055,E0066,OfficeMart,2026-02-25,101,SGD,HIST-B-00055,Routine historical business expense,REIMBURSED,PRJ-056,
HIST-EXP-0056,E0077,Marina Dining Room,2026-02-26,3528,INR,HIST-B-00056,Routine historical business expense,REIMBURSED,PRJ-057,
HIST-EXP-0057,E0088,Sakura Grill,2026-02-27,9035,JPY,HIST-B-00057,Routine historical business expense,REIMBURSED,PRJ-058,
HIST-EXP-0058,E0099,Spice Courtyard,2026-02-28,122,SGD,HIST-B-00058,Routine historical business expense,REIMBURSED,PRJ-059,
HIST-EXP-0059,E0110,CityRide,2026-03-01,3549,INR,HIST-B-00059,Routine historical business expense,REIMBURSED,PRJ-060,
HIST-EXP-0060,E0121,QuickCab,2026-03-02,9056,JPY,HIST-B-00060,Routine historical business expense,REIMBURSED,PRJ-061,
HIST-EXP-0061,E0132,CloudSuite Pro,2026-03-03,143,SGD,HIST-B-00061,Routine historical business expense,REIMBURSED,PRJ-062,
HIST-EXP-0062,E0143,OfficeMart,2026-03-04,3570,INR,HIST-B-00062,Routine historical business expense,REIMBURSED,PRJ-063,
HIST-EXP-0063,E0154,Marina Dining Room,2026-03-05,9077,JPY,HIST-B-00063,Routine historical business expense,REIMBURSED,PRJ-064,
HIST-EXP-0064,E0165,Sakura Grill,2026-03-06,164,SGD,HIST-B-00064,Routine historical business expense,REIMBURSED,PRJ-065,
HIST-EXP-0065,E0176,Spice Courtyard,2026-03-07,3500,INR,HIST-B-00065,Routine historical business expense,REIMBURSED,PRJ-066,
HIST-EXP-0066,E0007,CityRide,2026-03-08,9007,JPY,HIST-B-00066,Routine historical business expense,REIMBURSED,PRJ-067,
HIST-EXP-0067,E0018,QuickCab,2026-03-09,94,SGD,HIST-B-00067,Routine historical business expense,REIMBURSED,PRJ-068,
HIST-EXP-0068,E0029,CloudSuite Pro,2026-03-10,3521,INR,HIST-B-00068,Routine historical business expense,REIMBURSED,PRJ-069,
HIST-EXP-0069,E0040,OfficeMart,2026-03-11,9028,JPY,HIST-B-00069,Routine historical business expense,REIMBURSED,PRJ-070,
HIST-EXP-0070,E0051,Marina Dining Room,2026-03-12,115,SGD,HIST-B-00070,Routine historical business expense,REIMBURSED,PRJ-071,
HIST-EXP-0071,E0062,Sakura Grill,2026-03-13,3542,INR,HIST-B-00071,Routine historical business expense,REIMBURSED,PRJ-072,
HIST-EXP-0072,E0073,Spice Courtyard,2026-03-14,9049,JPY,HIST-B-00072,Routine historical business expense,REIMBURSED,PRJ-073,
HIST-EXP-0073,E0084,CityRide,2026-03-15,136,SGD,HIST-B-00073,Routine historical business expense,REIMBURSED,PRJ-074,
HIST-EXP-0074,E0095,QuickCab,2026-03-16,3563,INR,HIST-B-00074,Routine historical business expense,REIMBURSED,PRJ-075,
HIST-EXP-0075,E0106,CloudSuite Pro,2026-03-17,9070,JPY,HIST-B-00075,Routine historical business expense,REIMBURSED,PRJ-076,
HIST-EXP-0076,E0117,OfficeMart,2026-03-18,157,SGD,HIST-B-00076,Routine historical business expense,REIMBURSED,PRJ-077,
HIST-EXP-0077,E0128,Marina Dining Room,2026-03-19,3584,INR,HIST-B-00077,Routine historical business expense,REIMBURSED,PRJ-078,
HIST-EXP-0078,E0139,Sakura Grill,2026-03-20,9000,JPY,HIST-B-00078,Routine historical business expense,REIMBURSED,PRJ-079,
HIST-EXP-0079,E0150,Spice Courtyard,2026-03-21,87,SGD,HIST-B-00079,Routine historical business expense,REIMBURSED,PRJ-080,
HIST-EXP-0080,E0161,CityRide,2026-03-22,3514,INR,HIST-B-00080,Routine historical business expense,REIMBURSED,PRJ-081,
HIST-EXP-0081,E0172,QuickCab,2026-03-23,9021,JPY,HIST-B-00081,Routine historical business expense,REIMBURSED,PRJ-082,
HIST-EXP-0082,E0003,CloudSuite Pro,2026-03-24,108,SGD,HIST-B-00082,Routine historical business expense,REIMBURSED,PRJ-083,
HIST-EXP-0083,E0014,OfficeMart,2026-03-25,3535,INR,HIST-B-00083,Routine historical business expense,REIMBURSED,PRJ-084,
HIST-EXP-0084,E0025,Marina Dining Room,2026-03-26,9042,JPY,HIST-B-00084,Routine historical business expense,REIMBURSED,PRJ-085,
HIST-EXP-0085,E0036,Sakura Grill,2026-03-27,129,SGD,HIST-B-00085,Routine historical business expense,REIMBURSED,PRJ-086,
HIST-EXP-0086,E0047,Spice Courtyard,2026-03-28,3556,INR,HIST-B-00086,Routine historical business expense,REIMBURSED,PRJ-087,
HIST-EXP-0087,E0058,CityRide,2026-03-29,9063,JPY,HIST-B-00087,Routine historical business expense,REIMBURSED,PRJ-088,
HIST-EXP-0088,E0069,QuickCab,2026-03-30,150,SGD,HIST-B-00088,Routine historical business expense,REIMBURSED,PRJ-089,
HIST-EXP-0089,E0080,CloudSuite Pro,2026-03-31,3577,INR,HIST-B-00089,Routine historical business expense,REIMBURSED,PRJ-090,
HIST-EXP-0090,E0091,OfficeMart,2026-04-01,9084,JPY,HIST-B-00090,Routine historical business expense,REIMBURSED,PRJ-091,
HIST-EXP-0091,E0102,Marina Dining Room,2026-04-02,80,SGD,HIST-B-00091,Routine historical business expense,REIMBURSED,PRJ-092,
HIST-EXP-0092,E0113,Sakura Grill,2026-04-03,3507,INR,HIST-B-00092,Routine historical business expense,REIMBURSED,PRJ-093,
HIST-EXP-0093,E0124,Spice Courtyard,2026-04-04,9014,JPY,HIST-B-00093,Routine historical business expense,REIMBURSED,PRJ-094,
HIST-EXP-0094,E0135,CityRide,2026-04-05,101,SGD,HIST-B-00094,Routine historical business expense,REIMBURSED,PRJ-095,
HIST-EXP-0095,E0146,QuickCab,2026-04-06,3528,INR,HIST-B-00095,Routine historical business expense,REIMBURSED,PRJ-096,
HIST-EXP-0096,E0157,CloudSuite Pro,2026-04-07,9035,JPY,HIST-B-00096,Routine historical business expense,REIMBURSED,PRJ-097,
HIST-EXP-0097,E0168,OfficeMart,2026-04-08,122,SGD,HIST-B-00097,Routine historical business expense,REIMBURSED,PRJ-098,
HIST-EXP-0098,E0179,Marina Dining Room,2026-04-09,3549,INR,HIST-B-00098,Routine historical business expense,REIMBURSED,PRJ-099,
HIST-EXP-0099,E0010,Sakura Grill,2026-04-10,9056,JPY,HIST-B-00099,Routine historical business expense,REIMBURSED,PRJ-100,
HIST-EXP-0100,E0021,Spice Courtyard,2026-04-11,143,SGD,HIST-B-00100,Routine historical business expense,REIMBURSED,PRJ-001,
HIST-EXP-0101,E0032,CityRide,2026-04-12,3570,INR,HIST-B-00101,Routine historical business expense,REIMBURSED,PRJ-002,
HIST-EXP-0102,E0043,QuickCab,2026-04-13,9077,JPY,HIST-B-00102,Routine historical business expense,REIMBURSED,PRJ-003,
HIST-EXP-0103,E0054,CloudSuite Pro,2026-04-14,164,SGD,HIST-B-00103,Routine historical business expense,REIMBURSED,PRJ-004,
HIST-EXP-0104,E0065,OfficeMart,2026-04-15,3500,INR,HIST-B-00104,Routine historical business expense,REIMBURSED,PRJ-005,
HIST-EXP-0105,E0076,Marina Dining Room,2026-04-16,9007,JPY,HIST-B-00105,Routine historical business expense,REIMBURSED,PRJ-006,
HIST-EXP-0106,E0087,Sakura Grill,2026-04-17,94,SGD,HIST-B-00106,Routine historical business expense,REIMBURSED,PRJ-007,
HIST-EXP-0107,E0098,Spice Courtyard,2026-04-18,3521,INR,HIST-B-00107,Routine historical business expense,REIMBURSED,PRJ-008,
HIST-EXP-0108,E0109,CityRide,2026-04-19,9028,JPY,HIST-B-00108,Routine historical business expense,REIMBURSED,PRJ-009,
HIST-EXP-0109,E0120,QuickCab,2026-04-20,115,SGD,HIST-B-00109,Routine historical business expense,REIMBURSED,PRJ-010,
HIST-EXP-0110,E0131,CloudSuite Pro,2026-04-21,3542,INR,HIST-B-00110,Routine historical business expense,REIMBURSED,PRJ-011,
HIST-EXP-0111,E0142,OfficeMart,2026-04-22,9049,JPY,HIST-B-00111,Routine historical business expense,REIMBURSED,PRJ-012,
HIST-EXP-0112,E0153,Marina Dining Room,2026-04-23,136,SGD,HIST-B-00112,Routine historical business expense,REIMBURSED,PRJ-013,
HIST-EXP-0113,E0164,Sakura Grill,2026-04-24,3563,INR,HIST-B-00113,Routine historical business expense,REIMBURSED,PRJ-014,
HIST-EXP-0114,E0175,Spice Courtyard,2026-04-25,9070,JPY,HIST-B-00114,Routine historical business expense,REIMBURSED,PRJ-015,
HIST-EXP-0115,E0006,CityRide,2026-04-26,157,SGD,HIST-B-00115,Routine historical business expense,REIMBURSED,PRJ-016,
HIST-EXP-0116,E0017,QuickCab,2026-04-27,3584,INR,HIST-B-00116,Routine historical business expense,REIMBURSED,PRJ-017,
HIST-EXP-0117,E0028,CloudSuite Pro,2026-04-28,9000,JPY,HIST-B-00117,Routine historical business expense,REIMBURSED,PRJ-018,
HIST-EXP-0118,E0039,OfficeMart,2026-04-29,87,SGD,HIST-B-00118,Routine historical business expense,REIMBURSED,PRJ-019,
HIST-EXP-0119,E0050,Marina Dining Room,2026-04-30,3514,INR,HIST-B-00119,Routine historical business expense,REIMBURSED,PRJ-020,
HIST-EXP-0120,E0061,Sakura Grill,2026-05-01,9021,JPY,HIST-B-00120,Routine historical business expense,REIMBURSED,PRJ-021,
HIST-EXP-0121,E0072,Spice Courtyard,2026-05-02,108,SGD,HIST-B-00121,Routine historical business expense,REIMBURSED,PRJ-022,
HIST-EXP-0122,E0083,CityRide,2026-05-03,3535,INR,HIST-B-00122,Routine historical business expense,REIMBURSED,PRJ-023,
HIST-EXP-0123,E0094,QuickCab,2026-05-04,9042,JPY,HIST-B-00123,Routine historical business expense,REIMBURSED,PRJ-024,
HIST-EXP-0124,E0105,CloudSuite Pro,2026-05-05,129,SGD,HIST-B-00124,Routine historical business expense,REIMBURSED,PRJ-025,
HIST-EXP-0125,E0116,OfficeMart,2026-05-06,3556,INR,HIST-B-00125,Routine historical business expense,REIMBURSED,PRJ-026,
HIST-EXP-0126,E0127,Marina Dining Room,2026-05-07,9063,JPY,HIST-B-00126,Routine historical business expense,REIMBURSED,PRJ-027,
HIST-EXP-0127,E0138,Sakura Grill,2026-05-08,150,SGD,HIST-B-00127,Routine historical business expense,REIMBURSED,PRJ-028,
HIST-EXP-0128,E0149,Spice Courtyard,2026-05-09,3577,INR,HIST-B-00128,Routine historical business expense,REIMBURSED,PRJ-029,
HIST-EXP-0129,E0160,CityRide,2026-05-10,9084,JPY,HIST-B-00129,Routine historical business expense,REIMBURSED,PRJ-030,
HIST-EXP-0130,E0171,QuickCab,2026-05-11,80,SGD,HIST-B-00130,Routine historical business expense,REIMBURSED,PRJ-031,
HIST-EXP-0131,E0002,CloudSuite Pro,2026-05-12,3507,INR,HIST-B-00131,Routine historical business expense,REIMBURSED,PRJ-032,
HIST-EXP-0132,E0013,OfficeMart,2026-05-13,9014,JPY,HIST-B-00132,Routine historical business expense,REIMBURSED,PRJ-033,
HIST-EXP-0133,E0024,Marina Dining Room,2026-05-14,101,SGD,HIST-B-00133,Routine historical business expense,REIMBURSED,PRJ-034,
HIST-EXP-0134,E0035,Sakura Grill,2026-05-15,3528,INR,HIST-B-00134,Routine historical business expense,REIMBURSED,PRJ-035,
HIST-EXP-0135,E0046,Spice Courtyard,2026-05-16,9035,JPY,HIST-B-00135,Routine historical business expense,REIMBURSED,PRJ-036,
HIST-EXP-0136,E0057,CityRide,2026-05-17,122,SGD,HIST-B-00136,Routine historical business expense,REIMBURSED,PRJ-037,
HIST-EXP-0137,E0068,QuickCab,2026-05-18,3549,INR,HIST-B-00137,Routine historical business expense,REIMBURSED,PRJ-038,
HIST-EXP-0138,E0079,CloudSuite Pro,2026-05-19,9056,JPY,HIST-B-00138,Routine historical business expense,REIMBURSED,PRJ-039,
HIST-EXP-0139,E0090,OfficeMart,2026-05-20,143,SGD,HIST-B-00139,Routine historical business expense,REIMBURSED,PRJ-040,
HIST-EXP-0140,E0101,Marina Dining Room,2026-05-21,3570,INR,HIST-B-00140,Routine historical business expense,REIMBURSED,PRJ-041,
HIST-EXP-0141,E0112,Sakura Grill,2026-05-22,9077,JPY,HIST-B-00141,Routine historical business expense,REIMBURSED,PRJ-042,
HIST-EXP-0142,E0123,Spice Courtyard,2026-05-23,164,SGD,HIST-B-00142,Routine historical business expense,REIMBURSED,PRJ-043,
HIST-EXP-0143,E0134,CityRide,2026-05-24,3500,INR,HIST-B-00143,Routine historical business expense,REIMBURSED,PRJ-044,
HIST-EXP-0144,E0145,QuickCab,2026-05-25,9007,JPY,HIST-B-00144,Routine historical business expense,REIMBURSED,PRJ-045,
HIST-EXP-0145,E0156,CloudSuite Pro,2026-05-26,94,SGD,HIST-B-00145,Routine historical business expense,REIMBURSED,PRJ-046,
HIST-EXP-0146,E0167,OfficeMart,2026-05-27,3521,INR,HIST-B-00146,Routine historical business expense,REIMBURSED,PRJ-047,
HIST-EXP-0147,E0178,Marina Dining Room,2026-05-28,9028,JPY,HIST-B-00147,Routine historical business expense,REIMBURSED,PRJ-048,
HIST-EXP-0148,E0009,Sakura Grill,2026-05-29,115,SGD,HIST-B-00148,Routine historical business expense,REIMBURSED,PRJ-049,
HIST-EXP-0149,E0020,Spice Courtyard,2026-05-30,3542,INR,HIST-B-00149,Routine historical business expense,REIMBURSED,PRJ-050,
HIST-EXP-0150,E0031,CityRide,2026-05-31,9049,JPY,HIST-B-00150,Routine historical business expense,REIMBURSED,PRJ-051,
HIST-EXP-0151,E0042,QuickCab,2026-06-01,136,SGD,HIST-B-00151,Routine historical business expense,REIMBURSED,PRJ-052,
HIST-EXP-0152,E0053,CloudSuite Pro,2026-06-02,3563,INR,HIST-B-00152,Routine historical business expense,REIMBURSED,PRJ-053,
HIST-EXP-0153,E0064,OfficeMart,2026-06-03,9070,JPY,HIST-B-00153,Routine historical business expense,REIMBURSED,PRJ-054,
HIST-EXP-0154,E0075,Marina Dining Room,2026-06-04,157,SGD,HIST-B-00154,Routine historical business expense,REIMBURSED,PRJ-055,
HIST-EXP-0155,E0086,Sakura Grill,2026-06-05,3584,INR,HIST-B-00155,Routine historical business expense,REIMBURSED,PRJ-056,
HIST-EXP-0156,E0097,Spice Courtyard,2026-06-06,9000,JPY,HIST-B-00156,Routine historical business expense,REIMBURSED,PRJ-057,
HIST-EXP-0157,E0108,CityRide,2026-06-07,87,SGD,HIST-B-00157,Routine historical business expense,REIMBURSED,PRJ-058,
HIST-EXP-0158,E0119,QuickCab,2026-06-08,3514,INR,HIST-B-00158,Routine historical business expense,REIMBURSED,PRJ-059,
HIST-EXP-0159,E0130,CloudSuite Pro,2026-06-09,9021,JPY,HIST-B-00159,Routine historical business expense,REIMBURSED,PRJ-060,
HIST-EXP-0160,E0141,OfficeMart,2026-06-10,108,SGD,HIST-B-00160,Routine historical business expense,REIMBURSED,PRJ-061,
HIST-EXP-0161,E0152,Marina Dining Room,2026-06-11,3535,INR,HIST-B-00161,Routine historical business expense,REIMBURSED,PRJ-062,
HIST-EXP-0162,E0163,Sakura Grill,2026-06-12,9042,JPY,HIST-B-00162,Routine historical business expense,REIMBURSED,PRJ-063,
HIST-EXP-0163,E0174,Spice Courtyard,2026-06-13,129,SGD,HIST-B-00163,Routine historical business expense,REIMBURSED,PRJ-064,
HIST-EXP-0164,E0005,CityRide,2026-06-14,3556,INR,HIST-B-00164,Routine historical business expense,REIMBURSED,PRJ-065,
HIST-EXP-0165,E0016,QuickCab,2026-06-15,9063,JPY,HIST-B-00165,Routine historical business expense,REIMBURSED,PRJ-066,
HIST-EXP-0166,E0027,CloudSuite Pro,2026-06-16,150,SGD,HIST-B-00166,Routine historical business expense,REIMBURSED,PRJ-067,
HIST-EXP-0167,E0038,OfficeMart,2026-06-17,3577,INR,HIST-B-00167,Routine historical business expense,REIMBURSED,PRJ-068,
HIST-EXP-0168,E0049,Marina Dining Room,2026-06-18,9084,JPY,HIST-B-00168,Routine historical business expense,REIMBURSED,PRJ-069,
HIST-EXP-0169,E0060,Sakura Grill,2026-06-19,80,SGD,HIST-B-00169,Routine historical business expense,REIMBURSED,PRJ-070,
HIST-EXP-0170,E0071,Spice Courtyard,2026-06-20,3507,INR,HIST-B-00170,Routine historical business expense,REIMBURSED,PRJ-071,
HIST-EXP-0171,E0082,CityRide,2026-06-21,9014,JPY,HIST-B-00171,Routine historical business expense,REIMBURSED,PRJ-072,
HIST-EXP-0172,E0093,QuickCab,2026-06-22,101,SGD,HIST-B-00172,Routine historical business expense,REIMBURSED,PRJ-073,
HIST-EXP-0173,E0104,CloudSuite Pro,2026-06-23,3528,INR,HIST-B-00173,Routine historical business expense,REIMBURSED,PRJ-074,
HIST-EXP-0174,E0115,OfficeMart,2026-06-24,9035,JPY,HIST-B-00174,Routine historical business expense,REIMBURSED,PRJ-075,
HIST-EXP-0175,E0126,Marina Dining Room,2026-06-25,122,SGD,HIST-B-00175,Routine historical business expense,REIMBURSED,PRJ-076,
HIST-EXP-0176,E0137,Sakura Grill,2026-06-26,3549,INR,HIST-B-00176,Routine historical business expense,REIMBURSED,PRJ-077,
HIST-EXP-0177,E0148,Spice Courtyard,2026-06-27,9056,JPY,HIST-B-00177,Routine historical business expense,REIMBURSED,PRJ-078,
HIST-EXP-0178,E0159,CityRide,2026-06-28,143,SGD,HIST-B-00178,Routine historical business expense,REIMBURSED,PRJ-079,
HIST-EXP-0179,E0170,QuickCab,2026-06-29,3570,INR,HIST-B-00179,Routine historical business expense,REIMBURSED,PRJ-080,
HIST-EXP-0180,E0001,CloudSuite Pro,2026-06-30,9077,JPY,HIST-B-00180,Routine historical business expense,REIMBURSED,PRJ-081,
HIST-EXP-0181,E0012,OfficeMart,2026-07-01,164,SGD,HIST-B-00181,Routine historical business expense,REIMBURSED,PRJ-082,
HIST-EXP-0182,E0023,Marina Dining Room,2026-07-02,3500,INR,HIST-B-00182,Routine historical business expense,REIMBURSED,PRJ-083,
HIST-EXP-0183,E0034,Sakura Grill,2026-07-03,9007,JPY,HIST-B-00183,Routine historical business expense,REIMBURSED,PRJ-084,
HIST-EXP-0184,E0045,Spice Courtyard,2026-07-04,94,SGD,HIST-B-00184,Routine historical business expense,REIMBURSED,PRJ-085,
HIST-EXP-0185,E0056,CityRide,2026-07-05,3521,INR,HIST-B-00185,Routine historical business expense,REIMBURSED,PRJ-086,
HIST-EXP-0186,E0067,QuickCab,2026-07-06,9028,JPY,HIST-B-00186,Routine historical business expense,REIMBURSED,PRJ-087,
HIST-EXP-0187,E0078,CloudSuite Pro,2026-07-07,115,SGD,HIST-B-00187,Routine historical business expense,REIMBURSED,PRJ-088,
HIST-EXP-0188,E0089,OfficeMart,2026-07-08,3542,INR,HIST-B-00188,Routine historical business expense,REIMBURSED,PRJ-089,
HIST-EXP-0189,E0100,Marina Dining Room,2026-07-09,9049,JPY,HIST-B-00189,Routine historical business expense,REIMBURSED,PRJ-090,
HIST-EXP-0190,E0111,Sakura Grill,2026-07-10,136,SGD,HIST-B-00190,Routine historical business expense,REIMBURSED,PRJ-091,
HIST-EXP-0191,E0122,Spice Courtyard,2026-07-11,3563,INR,HIST-B-00191,Routine historical business expense,REIMBURSED,PRJ-092,
HIST-EXP-0192,E0133,CityRide,2026-07-12,9070,JPY,HIST-B-00192,Routine historical business expense,REIMBURSED,PRJ-093,
HIST-EXP-0193,E0144,QuickCab,2026-07-13,157,SGD,HIST-B-00193,Routine historical business expense,REIMBURSED,PRJ-094,
HIST-EXP-0194,E0155,CloudSuite Pro,2026-07-14,3584,INR,HIST-B-00194,Routine historical business expense,REIMBURSED,PRJ-095,
HIST-EXP-0195,E0166,OfficeMart,2026-07-15,9000,JPY,HIST-B-00195,Routine historical business expense,REIMBURSED,PRJ-096,
HIST-EXP-0196,E0177,Marina Dining Room,2026-07-16,87,SGD,HIST-B-00196,Routine historical business expense,REIMBURSED,PRJ-097,
HIST-EXP-0197,E0008,Sakura Grill,2026-07-17,3514,INR,HIST-B-00197,Routine historical business expense,REIMBURSED,PRJ-098,
HIST-EXP-0198,E0019,Spice Courtyard,2026-07-18,9021,JPY,HIST-B-00198,Routine historical business expense,REIMBURSED,PRJ-099,
HIST-EXP-0199,E0030,CityRide,2026-07-19,108,SGD,HIST-B-00199,Routine historical business expense,REIMBURSED,PRJ-100,
HIST-EXP-0200,E0041,QuickCab,2026-07-20,3535,INR,HIST-B-00200,Routine historical business expense,REIMBURSED,PRJ-001,
HIST-EXP-0201,E0052,CloudSuite Pro,2026-07-21,9042,JPY,HIST-B-00201,Routine historical business expense,REIMBURSED,PRJ-002,
HIST-EXP-0202,E0063,OfficeMart,2026-07-22,129,SGD,HIST-B-00202,Routine historical business expense,REIMBURSED,PRJ-003,
HIST-EXP-0203,E0074,Marina Dining Room,2026-07-23,3556,INR,HIST-B-00203,Routine historical business expense,REIMBURSED,PRJ-004,
HIST-EXP-0204,E0085,Sakura Grill,2026-07-24,9063,JPY,HIST-B-00204,Routine historical business expense,REIMBURSED,PRJ-005,
HIST-EXP-0205,E0096,Spice Courtyard,2026-07-25,150,SGD,HIST-B-00205,Routine historical business expense,REIMBURSED,PRJ-006,
HIST-EXP-0206,E0107,CityRide,2026-07-26,3577,INR,HIST-B-00206,Routine historical business expense,REIMBURSED,PRJ-007,
HIST-EXP-0207,E0118,QuickCab,2026-07-27,9084,JPY,HIST-B-00207,Routine historical business expense,REIMBURSED,PRJ-008,
HIST-EXP-0208,E0129,CloudSuite Pro,2026-07-28,80,SGD,HIST-B-00208,Routine historical business expense,REIMBURSED,PRJ-009,
HIST-EXP-0209,E0140,OfficeMart,2026-07-29,3507,INR,HIST-B-00209,Routine historical business expense,REIMBURSED,PRJ-010,
HIST-EXP-0210,E0151,Marina Dining Room,2026-07-30,9014,JPY,HIST-B-00210,Routine historical business expense,REIMBURSED,PRJ-011,
HIST-EXP-0211,E0162,Sakura Grill,2026-07-31,101,SGD,HIST-B-00211,Routine historical business expense,REIMBURSED,PRJ-012,
HIST-EXP-0212,E0173,Spice Courtyard,2026-08-01,3528,INR,HIST-B-00212,Routine historical business expense,REIMBURSED,PRJ-013,
HIST-EXP-0213,E0004,CityRide,2026-08-02,9035,JPY,HIST-B-00213,Routine historical business expense,REIMBURSED,PRJ-014,
HIST-EXP-0214,E0015,QuickCab,2026-08-03,122,SGD,HIST-B-00214,Routine historical business expense,REIMBURSED,PRJ-015,
HIST-EXP-0215,E0026,CloudSuite Pro,2026-08-04,3549,INR,HIST-B-00215,Routine historical business expense,REIMBURSED,PRJ-016,
HIST-EXP-0216,E0037,OfficeMart,2026-08-05,9056,JPY,HIST-B-00216,Routine historical business expense,REIMBURSED,PRJ-017,
HIST-EXP-0217,E0048,Marina Dining Room,2026-08-06,143,SGD,HIST-B-00217,Routine historical business expense,REIMBURSED,PRJ-018,
HIST-EXP-0218,E0059,Sakura Grill,2026-08-07,3570,INR,HIST-B-00218,Routine historical business expense,REIMBURSED,PRJ-019,
HIST-EXP-0219,E0070,Spice Courtyard,2026-08-08,9077,JPY,HIST-B-00219,Routine historical business expense,REIMBURSED,PRJ-020,
HIST-EXP-0220,E0081,CityRide,2026-08-09,164,SGD,HIST-B-00220,Routine historical business expense,REIMBURSED,PRJ-021,
PREV-DUP-000,E0076,Sakura Grill,2026-06-01,14500,JPY,DUP-B-0000,Client meal,REIMBURSED,PRJ-076,
PREV-NEAR-001,E0089,Spice Courtyard,2026-07-01,6138.99,INR,NEAR-001-A,Client meal,REIMBURSED,PRJ-077,
PREV-LEGIT-002,E0102,CloudSuite Pro,2026-07-03,182,SGD,RECUR-002-OLD,Monthly project subscription,REIMBURSED,PRJ-078,
PREV-DUP-003,E0115,Sakura Grill,2026-09-04,14503,JPY,DUP-B-0003,Client meal,REIMBURSED,PRJ-079,
PREV-NEAR-004,E0128,Spice Courtyard,2026-06-04,6141.96,INR,NEAR-004-A,Client meal,REIMBURSED,PRJ-080,
PREV-LEGIT-005,E0141,CloudSuite Pro,2026-06-05,185,SGD,RECUR-005-OLD,Monthly project subscription,REIMBURSED,PRJ-081,
PREV-DUP-006,E0154,Sakura Grill,2026-08-07,14506,JPY,DUP-B-0006,Client meal,REIMBURSED,PRJ-082,
PREV-NEAR-007,E0167,Spice Courtyard,2026-09-07,6144.93,INR,NEAR-007-A,Client meal,REIMBURSED,PRJ-083,
PREV-LEGIT-008,E0180,CloudSuite Pro,2026-05-09,188,SGD,RECUR-008-OLD,Monthly project subscription,REIMBURSED,PRJ-084,
PREV-DUP-009,E0013,Sakura Grill,2026-07-10,14509,JPY,DUP-B-0009,Client meal,REIMBURSED,PRJ-085,
PREV-NEAR-010,E0026,Spice Courtyard,2026-08-10,6147.9,INR,NEAR-010-A,Client meal,REIMBURSED,PRJ-086,
PREV-LEGIT-011,E0039,CloudSuite Pro,2026-08-12,191,SGD,RECUR-011-OLD,Monthly project subscription,REIMBURSED,PRJ-087,
PREV-DUP-012,E0052,Sakura Grill,2026-06-13,14512,JPY,DUP-B-0012,Client meal,REIMBURSED,PRJ-088,
PREV-NEAR-013,E0065,Spice Courtyard,2026-07-13,6150.87,INR,NEAR-013-A,Client meal,REIMBURSED,PRJ-089,
PREV-LEGIT-014,E0078,CloudSuite Pro,2026-07-15,194,SGD,RECUR-014-OLD,Monthly project subscription,REIMBURSED,PRJ-090,
PREV-SPLIT-000,E0156,OfficeMart,2026-08-01,280,SGD,SPLIT-000-A,Project equipment purchase,REIMBURSED,PRJ-096,APR-SPLIT-000
PREV-SPLIT-001,E0169,OfficeMart,2026-08-02,26000,JPY,SPLIT-001-A,Project equipment purchase,REIMBURSED,PRJ-097,
PREV-SPLIT-002,E0002,OfficeMart,2026-08-03,8500,INR,SPLIT-002-A,Project equipment purchase,REIMBURSED,PRJ-098,
PREV-SPLIT-003,E0015,OfficeMart,2026-08-04,280,SGD,SPLIT-003-A,Project equipment purchase,REIMBURSED,PRJ-099,APR-SPLIT-003
PREV-SPLIT-004,E0028,OfficeMart,2026-08-05,26000,JPY,SPLIT-004-A,Project equipment purchase,REIMBURSED,PRJ-100,
PREV-SPLIT-005,E0041,OfficeMart,2026-08-06,8500,INR,SPLIT-005-A,Project equipment purchase,REIMBURSED,PRJ-001,
PREV-SPLIT-006,E0054,OfficeMart,2026-08-07,280,SGD,SPLIT-006-A,Project equipment purchase,REIMBURSED,PRJ-002,APR-SPLIT-006
PREV-SPLIT-007,E0067,OfficeMart,2026-08-08,26000,JPY,SPLIT-007-A,Project equipment purchase,REIMBURSED,PRJ-003,
PREV-SPLIT-008,E0080,OfficeMart,2026-08-09,8500,INR,SPLIT-008-A,Project equipment purchase,REIMBURSED,PRJ-004,
PREV-SPLIT-009,E0093,OfficeMart,2026-08-10,280,SGD,SPLIT-009-A,Project equipment purchase,REIMBURSED,PRJ-005,APR-SPLIT-009
