project_id,client,project_status,billable,travel_allowed,exception_id
PRJ-001,Client-02,ACTIVE,TRUE,TRUE,
PRJ-002,Client-03,ACTIVE,TRUE,TRUE,
PRJ-003,Client-04,ACTIVE,FALSE,TRUE,
PRJ-004,Client-05,ACTIVE,TRUE,TRUE,
PRJ-005,Client-06,ACTIVE,TRUE,FALSE,
PRJ-006,Client-07,ACTIVE,FALSE,TRUE,
PRJ-007,Client-08,ACTIVE,TRUE,TRUE,
PRJ-008,Client-09,CLOSED,TRUE,TRUE,
PRJ-009,Client-10,ACTIVE,FALSE,TRUE,
PRJ-010,Client-11,ACTIVE,TRUE,FALSE,
PRJ-011,Client-12,ACTIVE,TRUE,TRUE,
PRJ-012,Client-13,CLOSED,FALSE,TRUE,
PRJ-013,Client-14,ACTIVE,TRUE,TRUE,
PRJ-014,Client-15,ACTIVE,TRUE,TRUE,
PRJ-015,Client-16,ACTIVE,FALSE,FALSE,
PRJ-016,Client-17,CLOSED,TRUE,TRUE,
PRJ-017,Client-18,ACTIVE,TRUE,TRUE,
PRJ-018,Client-19,CLOSED,FALSE,TRUE,
PRJ-019,Client-20,ACTIVE,TRUE,TRUE,
PRJ-020,Client-21,ACTIVE,TRUE,FALSE,
PRJ-021,Client-22,ACTIVE,FALSE,TRUE,
PRJ-022,Client-23,ACTIVE,TRUE,TRUE,
PRJ-023,Client-24,ACTIVE,TRUE,TRUE,
PRJ-024,Client-25,CLOSED,FALSE,TRUE,
PRJ-025,Client-01,ACTIVE,TRUE,FALSE,
PRJ-026,Client-02,ACTIVE,TRUE,TRUE,
PRJ-027,Client-03,ACTIVE,FALSE,TRUE,
PRJ-028,Client-04,ACTIVE,TRUE,TRUE,
PRJ-029,Client-05,ACTIVE,TRUE,TRUE,
PRJ-030,Client-06,ACTIVE,FALSE,FALSE,
PRJ-031,Client-07,ACTIVE,TRUE,TRUE,
PRJ-032,Client-08,CLOSED,TRUE,TRUE,
PRJ-033,Client-09,ACTIVE,FALSE,TRUE,
PRJ-034,Client-10,ACTIVE,TRUE,TRUE,
PRJ-035,Client-11,ACTIVE,TRUE,FALSE,
PRJ-036,Client-12,ACTIVE,FALSE,TRUE,
PRJ-037,Client-13,ACTIVE,TRUE,TRUE,
PRJ-038,Client-14,ACTIVE,TRUE,TRUE,
PRJ-039,Client-15,ACTIVE,FALSE,TRUE,
PRJ-040,Client-16,CLOSED,TRUE,FALSE,
PRJ-041,Client-17,ACTIVE,TRUE,TRUE,
PRJ-042,Client-18,ACTIVE,FALSE,TRUE,
PRJ-043,Client-19,ACTIVE,TRUE,TRUE,
PRJ-044,Client-20,ACTIVE,TRUE,TRUE,
PRJ-045,Client-21,ACTIVE,FALSE,FALSE,
PRJ-046,Client-22,ACTIVE,TRUE,TRUE,
PRJ-047,Client-23,ACTIVE,TRUE,TRUE,
PRJ-048,Client-24,CLOSED,FALSE,TRUE,
PRJ-049,Client-25,ACTIVE,TRUE,TRUE,
PRJ-050,Client-01,ACTIVE,TRUE,FALSE,
PRJ-051,Client-02,ACTIVE,FALSE,TRUE,
PRJ-052,Client-03,ACTIVE,TRUE,TRUE,
PRJ-053,Client-04,ACTIVE,TRUE,TRUE,
PRJ-054,Client-05,ACTIVE,FALSE,TRUE,
PRJ-055,Client-06,ACTIVE,TRUE,FALSE,
PRJ-056,Client-07,CLOSED,TRUE,TRUE,
PRJ-057,Client-08,ACTIVE,FALSE,TRUE,
PRJ-058,Client-09,ACTIVE,TRUE,TRUE,
PRJ-059,Client-10,ACTIVE,TRUE,TRUE,
PRJ-060,Client-11,ACTIVE,FALSE,FALSE,
PRJ-061,Client-12,ACTIVE,TRUE,TRUE,
PRJ-062,Client-13,ACTIVE,TRUE,TRUE,
PRJ-063,Client-14,ACTIVE,FALSE,TRUE,
PRJ-064,Client-15,CLOSED,TRUE,TRUE,
PRJ-065,Client-16,ACTIVE,TRUE,FALSE,
PRJ-066,Client-17,ACTIVE,FALSE,TRUE,
PRJ-067,Client-18,ACTIVE,TRUE,TRUE,
PRJ-068,Client-19,ACTIVE,TRUE,TRUE,
PRJ-069,Client-20,ACTIVE,FALSE,TRUE,
PRJ-070,Client-21,ACTIVE,TRUE,FALSE,
PRJ-071,Client-22,ACTIVE,TRUE,TRUE,
PRJ-072,Client-23,CLOSED,FALSE,TRUE,
PRJ-073,Client-24,ACTIVE,TRUE,TRUE,
PRJ-074,Client-25,ACTIVE,TRUE,TRUE,
PRJ-075,Client-01,ACTIVE,FALSE,FALSE,
PRJ-076,Client-02,ACTIVE,TRUE,TRUE,
PRJ-077,Client-03,ACTIVE,TRUE,TRUE,
PRJ-078,Client-04,ACTIVE,FALSE,TRUE,
PRJ-079,Client-05,ACTIVE,TRUE,TRUE,
PRJ-080,Client-06,CLOSED,TRUE,FALSE,
PRJ-081,Client-07,ACTIVE,FALSE,TRUE,
PRJ-082,Client-08,ACTIVE,TRUE,TRUE,
PRJ-083,Client-09,ACTIVE,TRUE,TRUE,
PRJ-084,Client-10,ACTIVE,FALSE,TRUE,
PRJ-085,Client-11,ACTIVE,TRUE,FALSE,
PRJ-086,Client-12,ACTIVE,TRUE,TRUE,
PRJ-087,Client-13,ACTIVE,FALSE,TRUE,
PRJ-088,Client-14,CLOSED,TRUE,TRUE,
PRJ-089,Client-15,ACTIVE,TRUE,TRUE,
PRJ-090,Client-16,ACTIVE,FALSE,FALSE,
PRJ-091,Client-17,ACTIVE,TRUE,TRUE,
PRJ-092,Client-18,ACTIVE,TRUE,TRUE,
PRJ-093,Client-19,ACTIVE,FALSE,TRUE,
PRJ-094,Client-20,ACTIVE,TRUE,TRUE,
PRJ-095,Client-21,ACTIVE,TRUE,FALSE,
PRJ-096,Client-22,CLOSED,FALSE,TRUE,
PRJ-097,Client-23,ACTIVE,TRUE,TRUE,
PRJ-098,Client-24,ACTIVE,TRUE,TRUE,
PRJ-099,Client-25,ACTIVE,FALSE,TRUE,
PRJ-100,Client-01,ACTIVE,TRUE,FALSE,
