year,month,currency,sgd_per_unit
2024,1,SGD,1.0
2024,1,INR,0.01616
2024,1,JPY,0.009
2024,2,SGD,1.0
2024,2,INR,0.01597
2024,2,JPY,0.00911
2024,3,SGD,1.0
2024,3,INR,0.01611
2024,3,JPY,0.00919
2024,4,SGD,1.0
2024,4,INR,0.01631
2024,4,JPY,0.00923
2024,5,SGD,1.0
2024,5,INR,0.01655
2024,5,JPY,0.00917
2024,6,SGD,1.0
2024,6,INR,0.01672
2024,6,JPY,0.00906
2024,7,SGD,1.0
2024,7,INR,0.01678
2024,7,JPY,0.00917
2024,8,SGD,1.0
2024,8,INR,0.017
2024,8,JPY,0.00917
2024,9,SGD,1.0
2024,9,INR,0.0168
2024,9,JPY,0.00916
2024,10,SGD,1.0
2024,10,INR,0.01679
2024,10,JPY,0.00926
2024,11,SGD,1.0
2024,11,INR,0.01681
2024,11,JPY,0.00932
2024,12,SGD,1.0
2024,12,INR,0.01658
2024,12,JPY,0.00927
2025,1,SGD,1.0
2025,1,INR,0.0168
2025,1,JPY,0.00925
2025,2,SGD,1.0
2025,2,INR,0.01687
2025,2,JPY,0.00932
2025,3,SGD,1.0
2025,3,INR,0.01694
2025,3,JPY,0.00939
2025,4,SGD,1.0
2025,4,INR,0.017
2025,4,JPY,0.00943
2025,5,SGD,1.0
2025,5,INR,0.017
2025,5,JPY,0.00933
2025,6,SGD,1.0
2025,6,INR,0.017
2025,6,JPY,0.0093
2025,7,SGD,1.0
2025,7,INR,0.01688
2025,7,JPY,0.00941
2025,8,SGD,1.0
2025,8,INR,0.01685
2025,8,JPY,0.00941
2025,9,SGD,1.0
2025,9,INR,0.017
2025,9,JPY,0.00939
2025,10,SGD,1.0
2025,10,INR,0.01697
2025,10,JPY,0.00948
2025,11,SGD,1.0
2025,11,INR,0.017
2025,11,JPY,0.00949
2025,12,SGD,1.0
2025,12,INR,0.017
2025,12,JPY,0.00939
2026,1,SGD,1.0
2026,1,INR,0.01699
2026,1,JPY,0.00932
2026,2,SGD,1.0
2026,2,INR,0.0168
2026,2,JPY,0.00932
2026,3,SGD,1.0
2026,3,INR,0.01664
2026,3,JPY,0.00938
2026,4,SGD,1.0
2026,4,INR,0.01668
2026,4,JPY,0.00934
2026,5,SGD,1.0
2026,5,INR,0.01682
2026,5,JPY,0.0093
2026,6,SGD,1.0
2026,6,INR,0.01692
2026,6,JPY,0.00922
2026,7,SGD,1.0
2026,7,INR,0.01691
2026,7,JPY,0.00912
2026,8,SGD,1.0
2026,8,INR,0.01699
2026,8,JPY,0.00903
2026,9,SGD,1.0
2026,9,INR,0.0169
2026,9,JPY,0.00901
2026,10,SGD,1.0
2026,10,INR,0.01689
2026,10,JPY,0.00903
2026,11,SGD,1.0
2026,11,INR,0.01672
2026,11,JPY,0.00895
2026,12,SGD,1.0
2026,12,INR,0.01683
2026,12,JPY,0.00892
