case_id,split,architecture_group,case_family,expected_decision,cross_document,independent_challenge
X2-001,FINAL_TEST,A_SELF_CONTAINED,PERSONAL_SPEND,REJECT,True,False
X2-002,FINAL_TEST,B_WORKFLOW,HOTEL_EXCEPTION,APPROVE,True,False
X2-003,DEVELOPMENT,A_SELF_CONTAINED,FX_THRESHOLD,APPROVE,False,False
X2-004,VALIDATION,B_WORKFLOW,DUPLICATE_CHECK,APPROVE,True,False
X2-005,DEVELOPMENT,C_AGENT_DYNAMIC,DYNAMIC_HOTEL_DISCOVERY,REQUEST_INFORMATION,True,False
X2-006,DEVELOPMENT,B_WORKFLOW,DUPLICATE_CHECK,REJECT,False,False
X2-007,VALIDATION,B_WORKFLOW,SOFTWARE_APPROVAL,ESCALATE,True,False
X2-008,DEVELOPMENT,A_SELF_CONTAINED,CLIENT_MEAL,REQUEST_INFORMATION,True,False
X2-009,DEVELOPMENT,B_WORKFLOW,SPLIT_TRANSACTION,REQUEST_INFORMATION,True,False
X2-010,DEVELOPMENT,B_WORKFLOW,CONFERENCE_FEE,REJECT,False,False
X2-011,DEVELOPMENT,B_WORKFLOW,HOTEL_CEILING,APPROVE,True,False
X2-012,DEVELOPMENT,B_WORKFLOW,HOTEL_EXCEPTION,REJECT,True,False
X2-013,DEVELOPMENT,A_SELF_CONTAINED,PERSONAL_SPEND,REJECT,True,False
X2-014,FINAL_TEST,A_SELF_CONTAINED,EVIDENCE_CONFLICT,REQUEST_INFORMATION,False,False
X2-015,DEVELOPMENT,B_WORKFLOW,APPROVAL_TIERS,ESCALATE,True,False
X2-016,FINAL_TEST,B_WORKFLOW,RESTRICTED_MERCHANT,ESCALATE,True,True
X2-017,DEVELOPMENT,B_WORKFLOW,SPLIT_TRANSACTION,REQUEST_INFORMATION,True,False
X2-018,DEVELOPMENT,C_AGENT_DYNAMIC,DYNAMIC_DELEGATION_CHAIN,REQUEST_INFORMATION,True,False
X2-019,DEVELOPMENT,B_WORKFLOW,CAR_RENTAL,REQUEST_INFORMATION,True,False
X2-020,VALIDATION,C_AGENT_DYNAMIC,DYNAMIC_HOTEL_DISCOVERY,REJECT,True,False
X2-021,FINAL_TEST,C_AGENT_DYNAMIC,DYNAMIC_PROJECT_BUDGET_CHAIN,ESCALATE,True,False
X2-022,VALIDATION,A_SELF_CONTAINED,CLIENT_MEAL,REJECT,True,False
X2-023,FINAL_TEST,B_WORKFLOW,CAR_RENTAL,REJECT,False,False
X2-024,DEVELOPMENT,B_WORKFLOW,AIRFARE_CABIN,REQUEST_INFORMATION,True,False
X2-025,FINAL_TEST,C_AGENT_DYNAMIC,DYNAMIC_HOTEL_DISCOVERY,APPROVE,True,True
X2-026,VALIDATION,C_AGENT_DYNAMIC,DYNAMIC_DEEP_HOTEL_CHAIN,ESCALATE,True,False
X2-027,FINAL_TEST,A_SELF_CONTAINED,MILEAGE,REJECT,True,True
X2-028,DEVELOPMENT,B_WORKFLOW,AIRFARE_CABIN,REJECT,False,False
X2-029,DEVELOPMENT,B_WORKFLOW,HOTEL_CEILING,APPROVE,True,False
X2-030,DEVELOPMENT,B_WORKFLOW,TELECOM_MONTHLY,REJECT,True,False
X2-031,VALIDATION,B_WORKFLOW,SOFTWARE_APPROVAL,REQUEST_INFORMATION,True,False
X2-032,DEVELOPMENT,C_AGENT_DYNAMIC,DYNAMIC_DELEGATION_CHAIN,ESCALATE,True,False
X2-033,DEVELOPMENT,A_SELF_CONTAINED,SUBMISSION_WINDOW,ESCALATE,False,False
X2-034,VALIDATION,C_AGENT_DYNAMIC,DYNAMIC_HOTEL_DISCOVERY,ESCALATE,True,False
X2-035,VALIDATION,B_WORKFLOW,TRAINING_CAP,REQUEST_INFORMATION,True,False
X2-036,DEVELOPMENT,B_WORKFLOW,HOTEL_EXCEPTION,REQUEST_INFORMATION,True,False
X2-037,DEVELOPMENT,C_AGENT_DYNAMIC,DYNAMIC_PROJECT_BUDGET_CHAIN,REQUEST_INFORMATION,True,False
X2-038,VALIDATION,B_WORKFLOW,APPROVAL_TIERS,REQUEST_INFORMATION,True,False
X2-039,VALIDATION,A_SELF_CONTAINED,SUBMISSION_WINDOW,REJECT,False,False
X2-040,FINAL_TEST,A_SELF_CONTAINED,EMPLOYEE_MEAL_TEMPORAL,APPROVE,True,False
X2-041,VALIDATION,B_WORKFLOW,SPLIT_TRANSACTION,ESCALATE,True,False
X2-042,FINAL_TEST,B_WORKFLOW,HOTEL_EXCEPTION,ESCALATE,True,False
X2-043,VALIDATION,B_WORKFLOW,HOTEL_CONFERENCE,APPROVE,True,False
X2-044,FINAL_TEST,A_SELF_CONTAINED,GIFT_RULES,REJECT,True,False
X2-045,FINAL_TEST,A_SELF_CONTAINED,SUBMISSION_WINDOW,APPROVE,False,False
X2-046,FINAL_TEST,B_WORKFLOW,HOTEL_EXCEPTION,REQUEST_INFORMATION,False,False
X2-047,DEVELOPMENT,C_AGENT_DYNAMIC,DYNAMIC_DELEGATION_CHAIN,APPROVE,True,False
X2-048,DEVELOPMENT,A_SELF_CONTAINED,ALCOHOL_REGIONAL,APPROVE,True,False
X2-049,DEVELOPMENT,A_SELF_CONTAINED,ALCOHOL_REGIONAL,REJECT,True,False
X2-050,FINAL_TEST,B_WORKFLOW,AIRFARE_CABIN,REJECT,False,True
X2-051,FINAL_TEST,C_AGENT_DYNAMIC,DYNAMIC_HOTEL_DISCOVERY,REJECT,True,True
X2-052,FINAL_TEST,B_WORKFLOW,SOFTWARE_APPROVAL,REQUEST_INFORMATION,True,True
X2-053,FINAL_TEST,B_WORKFLOW,SOFTWARE_APPROVAL,ESCALATE,True,False
X2-054,DEVELOPMENT,A_SELF_CONTAINED,GIFT_RULES,REJECT,True,False
X2-055,DEVELOPMENT,C_AGENT_DYNAMIC,DYNAMIC_DELEGATION_CHAIN,APPROVE,True,False
X2-056,FINAL_TEST,B_WORKFLOW,SOFTWARE_APPROVAL,APPROVE,True,False
X2-057,FINAL_TEST,C_AGENT_DYNAMIC,DYNAMIC_DEEP_HOTEL_CHAIN,ESCALATE,True,False
X2-058,VALIDATION,B_WORKFLOW,HOTEL_EXCEPTION,APPROVE,True,False
X2-059,DEVELOPMENT,B_WORKFLOW,SOFTWARE_APPROVAL,ESCALATE,True,False
X2-060,DEVELOPMENT,A_SELF_CONTAINED,EQUIPMENT_TIERS,REJECT,False,False
X2-061,DEVELOPMENT,A_SELF_CONTAINED,EVIDENCE_CONFLICT,REQUEST_INFORMATION,False,False
X2-062,FINAL_TEST,B_WORKFLOW,SPLIT_TRANSACTION,APPROVE,True,False
X2-063,FINAL_TEST,B_WORKFLOW,GIFT_ANNUAL_CAP,REJECT,True,False
X2-064,FINAL_TEST,C_AGENT_DYNAMIC,DYNAMIC_DEEP_HOTEL_CHAIN,REQUEST_INFORMATION,True,False
X2-065,DEVELOPMENT,B_WORKFLOW,APPROVAL_TIERS,REQUEST_INFORMATION,True,False
X2-066,DEVELOPMENT,A_SELF_CONTAINED,EMPLOYEE_MEAL_TEMPORAL,REJECT,True,False
X2-067,DEVELOPMENT,A_SELF_CONTAINED,GROUND_TRANSPORT,REQUEST_INFORMATION,True,False
X2-068,VALIDATION,B_WORKFLOW,DUPLICATE_CHECK,REQUEST_INFORMATION,False,False
X2-069,FINAL_TEST,B_WORKFLOW,DUPLICATE_CHECK,REJECT,False,False
X2-070,FINAL_TEST,A_SELF_CONTAINED,EQUIPMENT_TIERS,APPROVE,False,False
X2-071,FINAL_TEST,B_WORKFLOW,RESTRICTED_MERCHANT,ESCALATE,True,False
X2-072,VALIDATION,B_WORKFLOW,HOTEL_EXCEPTION,REJECT,True,False
X2-073,DEVELOPMENT,B_WORKFLOW,TRAINING_CAP,ESCALATE,True,False
X2-074,VALIDATION,A_SELF_CONTAINED,CLIENT_MEAL,APPROVE,True,False
X2-075,FINAL_TEST,B_WORKFLOW,TELECOM_MONTHLY,APPROVE,True,False
X2-076,DEVELOPMENT,A_SELF_CONTAINED,EMPLOYEE_MEAL_TEMPORAL,REJECT,True,False
X2-077,FINAL_TEST,C_AGENT_DYNAMIC,DYNAMIC_PROJECT_BUDGET_CHAIN,ESCALATE,True,True
X2-078,DEVELOPMENT,B_WORKFLOW,DUPLICATE_CHECK,APPROVE,True,False
X2-079,FINAL_TEST,A_SELF_CONTAINED,GROUND_TRANSPORT,APPROVE,False,True
X2-080,DEVELOPMENT,B_WORKFLOW,AIRFARE_CABIN,ESCALATE,True,False
X2-081,DEVELOPMENT,B_WORKFLOW,RESTRICTED_MERCHANT,REJECT,True,False
X2-082,FINAL_TEST,B_WORKFLOW,SOFTWARE_APPROVAL,ESCALATE,True,False
X2-083,FINAL_TEST,B_WORKFLOW,AIRFARE_CABIN,REQUEST_INFORMATION,False,False
X2-084,VALIDATION,B_WORKFLOW,SPLIT_TRANSACTION,ESCALATE,True,False
X2-085,FINAL_TEST,B_WORKFLOW,SOFTWARE_APPROVAL,REQUEST_INFORMATION,True,False
X2-086,FINAL_TEST,A_SELF_CONTAINED,ALCOHOL_REGIONAL,APPROVE,True,False
X2-087,DEVELOPMENT,C_AGENT_DYNAMIC,DYNAMIC_HOTEL_DISCOVERY,ESCALATE,True,False
X2-088,DEVELOPMENT,A_SELF_CONTAINED,MILEAGE,APPROVE,True,False
X2-089,DEVELOPMENT,C_AGENT_DYNAMIC,DYNAMIC_DEEP_HOTEL_CHAIN,APPROVE,True,False
X2-090,FINAL_TEST,B_WORKFLOW,SPLIT_TRANSACTION,ESCALATE,True,False
X2-091,VALIDATION,A_SELF_CONTAINED,EMPLOYEE_MEAL_TEMPORAL,APPROVE,True,False
X2-092,FINAL_TEST,B_WORKFLOW,DUPLICATE_CHECK,REQUEST_INFORMATION,False,True
X2-093,FINAL_TEST,A_SELF_CONTAINED,CLIENT_MEAL,REQUEST_INFORMATION,True,False
X2-094,FINAL_TEST,B_WORKFLOW,HOTEL_CONFERENCE,REJECT,True,True
X2-095,DEVELOPMENT,C_AGENT_DYNAMIC,DYNAMIC_DEEP_HOTEL_CHAIN,REJECT,True,False
X2-096,FINAL_TEST,A_SELF_CONTAINED,SUBMISSION_WINDOW,ESCALATE,False,True
X2-097,DEVELOPMENT,B_WORKFLOW,GIFT_ANNUAL_CAP,REJECT,True,False
X2-098,DEVELOPMENT,B_WORKFLOW,HOTEL_CEILING,REQUEST_INFORMATION,False,False
X2-099,FINAL_TEST,B_WORKFLOW,HOTEL_CONFERENCE,REJECT,True,False
X2-100,VALIDATION,C_AGENT_DYNAMIC,DYNAMIC_DELEGATION_CHAIN,ESCALATE,True,False
X2-101,FINAL_TEST,B_WORKFLOW,DUPLICATE_CHECK,REQUEST_INFORMATION,False,False
X2-102,DEVELOPMENT,A_SELF_CONTAINED,CLIENT_MEAL,APPROVE,True,False
X2-103,DEVELOPMENT,B_WORKFLOW,TRAINING_CAP,REQUEST_INFORMATION,True,False
X2-104,DEVELOPMENT,C_AGENT_DYNAMIC,DYNAMIC_HOTEL_DISCOVERY,ESCALATE,True,False
X2-105,DEVELOPMENT,B_WORKFLOW,GIFT_ANNUAL_CAP,APPROVE,True,False
X2-106,FINAL_TEST,A_SELF_CONTAINED,GIFT_RULES,REQUEST_INFORMATION,True,True
X2-107,VALIDATION,B_WORKFLOW,HOTEL_CONFERENCE,APPROVE,True,False
X2-108,VALIDATION,C_AGENT_DYNAMIC,DYNAMIC_HOTEL_DISCOVERY,APPROVE,True,False
X2-109,DEVELOPMENT,A_SELF_CONTAINED,GIFT_RULES,REJECT,True,False
X2-110,DEVELOPMENT,B_WORKFLOW,DUPLICATE_CHECK,REJECT,False,False
X2-111,DEVELOPMENT,B_WORKFLOW,HOTEL_CEILING,REQUEST_INFORMATION,False,False
X2-112,DEVELOPMENT,B_WORKFLOW,TRAINING_CAP,APPROVE,True,False
X2-113,VALIDATION,B_WORKFLOW,GIFT_ANNUAL_CAP,REJECT,True,False
X2-114,FINAL_TEST,A_SELF_CONTAINED,ALCOHOL_REGIONAL,REJECT,True,False
X2-115,VALIDATION,B_WORKFLOW,HOTEL_CEILING,REQUEST_INFORMATION,False,False
X2-116,DEVELOPMENT,B_WORKFLOW,CONFERENCE_FEE,APPROVE,False,False
X2-117,DEVELOPMENT,A_SELF_CONTAINED,GROUND_TRANSPORT,REJECT,False,False
X2-118,FINAL_TEST,A_SELF_CONTAINED,GRATUITY_REGIONAL,REJECT,False,False
X2-119,FINAL_TEST,C_AGENT_DYNAMIC,DYNAMIC_PROJECT_BUDGET_CHAIN,REQUEST_INFORMATION,True,False
X2-120,FINAL_TEST,C_AGENT_DYNAMIC,DYNAMIC_PROJECT_BUDGET_CHAIN,ESCALATE,True,True
X2-121,DEVELOPMENT,B_WORKFLOW,HOTEL_EXCEPTION,ESCALATE,True,False
X2-122,VALIDATION,C_AGENT_DYNAMIC,DYNAMIC_DEEP_HOTEL_CHAIN,REQUEST_INFORMATION,True,False
X2-123,DEVELOPMENT,B_WORKFLOW,GIFT_ANNUAL_CAP,APPROVE,True,False
X2-124,FINAL_TEST,C_AGENT_DYNAMIC,DYNAMIC_DELEGATION_CHAIN,ESCALATE,True,False
X2-125,DEVELOPMENT,A_SELF_CONTAINED,EMPLOYEE_MEAL_TEMPORAL,APPROVE,True,False
X2-126,VALIDATION,A_SELF_CONTAINED,ALCOHOL_REGIONAL,REJECT,True,False
X2-127,FINAL_TEST,B_WORKFLOW,AIRFARE_CABIN,APPROVE,True,True
X2-128,DEVELOPMENT,C_AGENT_DYNAMIC,DYNAMIC_HOTEL_DISCOVERY,ESCALATE,True,False
X2-129,FINAL_TEST,B_WORKFLOW,GIFT_ANNUAL_CAP,APPROVE,True,True
X2-130,FINAL_TEST,C_AGENT_DYNAMIC,DYNAMIC_DELEGATION_CHAIN,REQUEST_INFORMATION,True,False
X2-131,VALIDATION,B_WORKFLOW,HOTEL_CONFERENCE,REJECT,True,False
X2-132,DEVELOPMENT,B_WORKFLOW,HOTEL_CEILING,REJECT,False,False
X2-133,DEVELOPMENT,B_WORKFLOW,SPLIT_TRANSACTION,ESCALATE,True,False
X2-134,VALIDATION,B_WORKFLOW,TELECOM_MONTHLY,REJECT,True,False
X2-135,VALIDATION,A_SELF_CONTAINED,GROUND_TRANSPORT,APPROVE,False,False
X2-136,VALIDATION,A_SELF_CONTAINED,SUBMISSION_WINDOW,REQUEST_INFORMATION,False,False
X2-137,FINAL_TEST,C_AGENT_DYNAMIC,DYNAMIC_PROJECT_BUDGET_CHAIN,APPROVE,True,False
X2-138,DEVELOPMENT,B_WORKFLOW,APPROVAL_TIERS,ESCALATE,True,False
X2-139,DEVELOPMENT,B_WORKFLOW,HOTEL_CONFERENCE,APPROVE,True,False
X2-140,DEVELOPMENT,A_SELF_CONTAINED,SUBMISSION_WINDOW,APPROVE,False,False
X2-141,DEVELOPMENT,B_WORKFLOW,APPROVAL_TIERS,ESCALATE,True,False
X2-142,DEVELOPMENT,C_AGENT_DYNAMIC,DYNAMIC_HOTEL_DISCOVERY,ESCALATE,True,False
X2-143,DEVELOPMENT,B_WORKFLOW,HOTEL_CEILING,APPROVE,True,False
X2-144,DEVELOPMENT,B_WORKFLOW,TRAINING_CAP,ESCALATE,True,False
X2-145,DEVELOPMENT,C_AGENT_DYNAMIC,DYNAMIC_DELEGATION_CHAIN,ESCALATE,True,False
X2-146,VALIDATION,A_SELF_CONTAINED,FINANCE_THRESHOLD,ESCALATE,True,False
X2-147,DEVELOPMENT,B_WORKFLOW,APPROVAL_TIERS,ESCALATE,True,False
X2-148,DEVELOPMENT,B_WORKFLOW,HOTEL_CEILING,REJECT,False,False
X2-149,DEVELOPMENT,B_WORKFLOW,SPLIT_TRANSACTION,REQUEST_INFORMATION,True,False
X2-150,FINAL_TEST,B_WORKFLOW,HOTEL_CEILING,REJECT,False,False
